-- phpMyAdmin SQL Dump
-- version 5.1.0
-- https://www.phpmyadmin.net/
--
-- Host: 127.0.0.1
-- Generation Time: Jun 10, 2021 at 10:29 PM
-- Server version: 10.4.18-MariaDB
-- PHP Version: 7.4.18

SET SQL_MODE = "NO_AUTO_VALUE_ON_ZERO";
START TRANSACTION;
SET time_zone = "+00:00";


/*!40101 SET @OLD_CHARACTER_SET_CLIENT=@@CHARACTER_SET_CLIENT */;
/*!40101 SET @OLD_CHARACTER_SET_RESULTS=@@CHARACTER_SET_RESULTS */;
/*!40101 SET @OLD_COLLATION_CONNECTION=@@COLLATION_CONNECTION */;
/*!40101 SET NAMES utf8mb4 */;

--
-- Database: `bookstore`
--

-- --------------------------------------------------------

--
-- Table structure for table `admin`
--

CREATE TABLE `admin` (
  `name` varchar(20) COLLATE latin1_general_ci NOT NULL,
  `pass` varchar(40) COLLATE latin1_general_ci NOT NULL
) ENGINE=InnoDB DEFAULT CHARSET=latin1 COLLATE=latin1_general_ci;

--
-- Dumping data for table `admin`
--

INSERT INTO `admin` (`name`, `pass`) VALUES
('admin', 'd033e22ae348aeb5660fc2140aec35850c4da997');

-- --------------------------------------------------------

--
-- Table structure for table `books`
--

CREATE TABLE `books` (
  `book_isbn` varchar(20) COLLATE latin1_general_ci NOT NULL,
  `book_title` varchar(60) COLLATE latin1_general_ci DEFAULT NULL,
  `book_author` varchar(60) COLLATE latin1_general_ci DEFAULT NULL,
  `book_image` varchar(40) COLLATE latin1_general_ci DEFAULT NULL,
  `book_descr` text COLLATE latin1_general_ci DEFAULT NULL,
  `book_price` decimal(6,2) NOT NULL,
  `publisherid` int(10) UNSIGNED NOT NULL
) ENGINE=InnoDB DEFAULT CHARSET=latin1 COLLATE=latin1_general_ci;

--
-- Dumping data for table `books`
--

INSERT INTO `books` (`book_isbn`, `book_title`, `book_author`, `book_image`, `book_descr`, `book_price`, `publisherid`) VALUES
('978-3-16-100910-0', 'HTML and CSS QuickStart Guide', 'David DuRocher', 'image_2021-06-10_234523.png', 'Master HTML and CSS fundamentals to create beautiful websites.\r\n\r\nThe best book on the market for modern web design fundamentals for 2021 and beyond!', '22.00', 44),
('978-3-16-122410-0', 'Seniors Guide to iPhone: 2021 Edition', 'Tom Rudderham', 'image_2021-06-10_222943.png', 'The iPhone is one of the most useful pieces of technology you can buy. Not only can it make phone calls for you, but it can also browse the web, video call friends and family, and even take measurements of everyday objects around your home.\r\nThis brand new book for 2021 is all about making sense of the iPhone, even if you’ve never used one before. You’ll learn about the very basics, how the built-in apps work, and how you can use an iPhone to enrich and improve your life. Large images and step-by-step guides throughout make it easy to learn.', '12.00', 42),
('978-3-16-128410-0', 'Introducing Python: Modern Computing in Simple Packages 2nd ', 'Bill Lubanovic', 'image_2021-06-10_212936.png', 'Easy to understand and fun to read, this updated edition of Introducing Python is ideal for beginning programmers as well as those new to the language. Author Bill Lubanovic takes you from the basics to more involved and varied topics, mixing tutorials with cookbook-style code recipes to explain concepts in Python 3. End-of-chapter exercises help you practice what you’ve learned.', '37.00', 6),
('978-3-16-129410-3', 'Beginning PHP: Master the latest features of PHP 7', 'David Carr', 'image_2021-06-11_004457.png', 'Learn all the fundamentals of PHP with a book that blends theory with practice to build up the skills you need for modern web development.\r\n\r\nKey Features\r\nBrush up on basic PHP 7 syntax and work with variables, data types, arrays, and loops\r\nMaster advanced concepts like building your own frameworks and creating your own applications\r\nApply your newly learned PHP skills to a variety of real-life business scenarios', '24.00', 40),
('978-3-16-133310-0', 'JavaScript: The Definitive Guide', 'David Flangam', 'image_2021-06-10_221800.png', 'JavaScript is the programming language of the web and is used by more software developers today than any other programming language. For nearly 25 years this best seller has been the go-to guide for JavaScript programmers. The seventh edition is fully updated to cover the 2020 version of JavaScript, and new chapters cover classes, modules, iterators, generators, Promises, async/await, and metaprogramming. You’ll find illuminating and engaging example code throughout.', '22.00', 41),
('978-3-16-140410-0', 'SQL QuickStart Guide: The Simplified Beginner\'s Guide to Man', 'Walter Shields', 'image_2021-06-10_213327.png', '\"THE BEST SQL BOOK FOR BEGINNERS IN 2021 - HANDS DOWN!\"\r\n\r\n*INCLUDES FREE ACCESS TO A SAMPLE DATABASE, SQL BROWSER APP, COMPREHENSION QUIZZES & SEVERAL OTHER DIGITAL RESOURCES!*', '32.00', 2),
('978-3-16-141276-0', 'Programming PHP: Creating Dynamic Web Pages', 'Kevin Tatroe', 'image_2021-06-11_004303.png', 'Why is PHP the most widely used programming language on the web? This updated edition teaches everything you need to know to create effective web applications using the latest features in PHP 7.4. You’ll start with the big picture and then dive into language syntax, programming techniques, and other details, using examples that illustrate both correct usage and common idioms.\r\n\r\nIf you have a working knowledge of HTML, authors Kevin Tatroe and Peter MacIntyre provide many style tips and practical programming advice in a clear and concise manner to help you become a top-notch PHP programmer.', '28.00', 2),
('978-3-16-143298-2', 'The Pragmatic Programmer: Your Journey To Mastery', 'David Thomas', 'image_2021-06-11_004003.png', '“One of the most significant books in my life.” —Obie Fernandez, Author, The Rails Way\r\n\r\n“Twenty years ago, the first edition of The Pragmatic Programmer completely changed the trajectory of my career. This new edition could do the same for yours.” —Mike Cohn, Author of Succeeding with Agile, Agile Estimating and Planning, and User Stories Applied\r\n\r\n“. filled with practical advice, both technical and professional, that will serve you and your projects well for years to come.” —Andrea Goulet, CEO, Corgibytes, Founder, LegacyCode.Rocks', '28.00', 2),
('978-3-16-143465-2', 'Data Structures and Algorithms in Java', 'Robert Lafore', 'image_2021-06-11_004625.png', 'Data Structures and Algorithms in Java, Second Edition is designed to be easy to read and understand although the topic itself is complicated. Algorithms are the procedures that software programs use to manipulate data structures. Besides clear and simple example programs, the author includes a workshop as a small demonstration program executable on a Web browser. The programs demonstrate in graphical form what data structures look like and how they operate. In the second edition, the program is rewritten to improve operation and clarify the algorithms, the example programs are revised to work with the latest version of the Java JDK, and questions and exercises will be added at the end of each chapter making the book even more useful.', '20.00', 6),
('978-3-16-144345-1', 'Head First Design Patterns', 'Eric Freeman', 'image_2021-06-11_003457.png', 'What will you learn from this book?\r\n\r\nYou know you don\'t want to reinvent the wheel, so you look to Design Patterns: the lessons learned by those who\'ve faced the same software design problems. With Design Patterns, you get to take advantage of the best practices and experience of others so you can spend your time on something more challenging. Something more fun. This book shows you the patterns that matter, when to use them and why, how to apply them to your own designs, and the object-oriented design principles on which they\'re based. Join hundreds of thousands of developers who\'ve improved their object-oriented design skills through Head First Design Patterns.', '32.00', 1),
('978-3-16-144410-0', 'Coding All-in-One For Dummies', 'Nickil Abraham', 'image_2021-06-10_222827.png', 'The demand for people with coding know-how exceeds the number of people who understand the languages that power technology. Coding All-in-One For Dummies gives you an ideal place to start when you\'re ready to add this valuable asset to your professional repertoire. Whether you need to learn how coding works to build a web page or an application or see how coding drives the data revolution, this resource introduces the languages and processes you\'ll need to know.', '34.00', 5),
('978-3-16-144510-0', 'Introduction to Java Programming and Data Structures', 'Y. Liang', 'image_2021-06-10_213602.png', 'A fundamentals-first introduction to basic programming concepts and techniques                                                                 \r\n\r\nIntroduction to Java Programming and Data Structures seamlessly integrates programming, data structures, and algorithms into one text. With a fundamentals-first approach, the text builds a strong foundation of basic programming concepts and techniques before teaching students object-oriented programming and advanced Java programming. Liang explains programming in a problem-driven way that focuses on problem solving rather than syntax, illustrating basic concepts by example and providing a large number of exercises with various levels of difficulty for students to practice. The 12th Edition is completely revised in every detail to enhance clarity, presentation, content, examples, and exercises.', '32.00', 5),
('978-3-16-145410-0', 'Python Crash Course 2nd Edition', 'Eric Mathes', 'image_2021-06-10_212836.png', 'Second edition of the best-selling Python book in the world. A fast-paced, no-nonsense guide to programming in Python. Updated and thoroughly revised to reflect the latest in Python code and practices.\r\n\r\nPython Crash Course is the world\'s best-selling guide to the Python programming language. This fast-paced, thorough introduction to programming with Python will have you writing programs, solving problems, and making things that work in no time.', '21.00', 1),
('978-3-16-145610-0', 'Managerial Economics & Business Strategy', 'Michael Baye', 'image_2021-06-10_223428.png', 'This ninth edition of Managerial Economics and Business Strategy has been revised to include updated examples and problems, but it retains all of the basic content that made previous editions a success. By teaching managers the practical utility of basic economic tools such as present value analysis, supply and demand, regression, indifference curves, isoquants, production, costs, and the basic models of perfect competition, monopoly, and monopolistic competition', '23.00', 40),
('978-3-16-146765-0', 'Learn C# in One Day and Learn It Well: C# for Beginners', 'Jamie Chan', 'image_2021-06-11_002822.png', 'Have you always wanted to learn computer programming but are afraid it\'ll be too difficult for you? Or perhaps you know other programming languages but are interested in learning the C# language fast?\r\n\r\nThis book is for you. You no longer have to waste your time and money learning C# from boring books that are 600 pages long, expensive online courses or complicated C# tutorials that just leave you more confused.', '11.00', 4),
('978-3-16-148347-0', 'System Design Interview – An insider\'s guide, Second Edition', 'Alex Xu', 'image_2021-06-10_214839.png', 'The system design interview is considered to be the most complex and most difficult technical job interview by many. This book provides a step-by-step framework on how to tackle a system design question. It includes many real-world examples to illustrate the systematic approach with detailed steps that you can follow.', '37.00', 42),
('978-3-16-148410-0', 'Learn Python Quickly: A Complete Beginner’s Guide', 'Code Quickly', 'image_2021-06-10_234737.png', 'Python has gone to be one of the most popular programming languages in the world, and you will be one of the few people left out if you don’t add this knowledge to your arsenal. If you’re looking to learn Python, now is an excellent time to do so. But where do you begin?\r\n\r\nYou can start right here, right now, with this book. It makes learning Python simple, fast, and easy, taking away the confusion from learning a new language.  When learning a new language, it\'s easy to be overwhelmed and not know where to start or what to focus on', '28.00', 44),
('978-3-16-148434-0', 'Elements of Programming Interviews in Java', 'Adnan Aziz', 'image_2021-06-10_214941.png', 'This is a larger-format version of Elements of Programming Interviews in Java.\r\nSpecifically, the font size is larger, and the page size is 7\"x10\" (the regular format uses 6\"x9\").', '35.00', 40),
('978-3-16-148445-0', 'Practical Statistics for Data Scientists', 'Peter Bruce & Andrew Bruce', 'image_2021-06-10_215534.png', 'Statistical methods are a key part of data science, yet few data scientists have formal statistical training. Courses and books on basic statistics rarely cover the topic from a data science perspective. The second edition of this popular guide adds comprehensive examples in Python, provides practical guidance on applying statistical methods to data science, tells you how to avoid their misuse, and gives you advice on what’s important and what’s not.', '38.00', 39),
('978-3-16-148541-1', 'Learn SQL Quickly: A Beginner’s Guide to Learning SQL', 'Code Quickly', 'image_2021-06-10_235045.png', 'You don\'t have to go back to school in order to get ahead in today’s world…\r\nDo you have a burning desire to expand your skillset but don\'t have the time or care to go back to studying for the next 4+ years?\r\n\r\nDo you feel as if you are capable of so much more, and that you should be making a bigger contribution to the world?', '34.00', 44),
('978-3-16-148645-0', 'Designing Data-Intensive Applications', 'Martin Klepmann', 'image_2021-06-10_215840.png', 'Data is at the center of many challenges in system design today. Difficult issues need to be figured out, such as scalability, consistency, reliability, efficiency, and maintainability. In addition, we have an overwhelming variety of tools, including relational databases, NoSQL datastores, stream or batch processors, and message brokers. What are the right choices for your application? How do you make sense of all these buzzwords?', '44.00', 43),
('978-3-16-148664-2', 'Learn C++ Quickly: A Complete Beginner’s Guide to Learning', 'Code Quickly', 'image_2021-06-10_235810.png', 'A perfect way to have your resume outshine the rest…\r\nThe most successful programs of the last 30 years were developed in C++. From Microsoft Word to Facebook to Adobe Photoshop, C++ is at the heart of the most lucrative technologies in today’s world.\r\n\r\nC++ is the most powerful programming language in the modern world for one simple reason: it allows for complete control, not only of the program’s logic and graphical user interface, but of the hardware too.', '23.00', 44),
('978-3-16-148710-0', 'Learning SQL: Generate, Manipulate, and Retrieve Data', 'Allan Beauleu', 'image_2021-06-10_213228.png', 'As data floods into your company, you need to put it to work right away—and SQL is the best tool for the job. With the latest edition of this introductory guide, author Alan Beaulieu helps developers get up to speed with SQL fundamentals for writing database applications, performing administrative tasks, and generating reports. You’ll find new chapters on SQL and big data, analytic functions, and working with very large databases.', '19.00', 44),
('978-3-16-148840-0', 'Kali Linux Hacking: A Complete Step by Step Guide to Learn t', 'Ethem Mining', 'image_2021-06-10_223051.png', 'Do you want to become a proficient specialist in cybersecurity and you want to learn the fundamentals of ethical hacking? Do you want to have a detailed overview of all the basic tools provided by the best Linux distribution for ethical hacking? Have you scoured the internet looking for the perfect resource to help you get started with hacking, but became overwhelmed by the amount of disjointed information available on the topic of hacking and cybersecurity?', '45.00', 44),
('978-3-16-148878-0', 'Database Internals: A Deep Dive into How Distributed Data Sy', 'Alex Petrov', 'image_2021-06-10_215938.png', 'When it comes to choosing, using, and maintaining a database, understanding its internals is essential. But with so many distributed databases and tools available today, it’s often difficult to understand what each one offers and how they differ. With this practical guide, Alex Petrov guides developers through the concepts behind modern database and storage engine internals', '20.00', 2),
('978-3-16-148982-0', 'Machine Learning Design Patterns', 'Viliappa Lakshmann', 'image_2021-06-10_215659.png', 'The design patterns in this book capture best practices and solutions to recurring problems in machine learning. The authors, three Google engineers, catalog proven methods to help data scientists tackle common problems throughout the ML process. These design patterns codify the experience of hundreds of experts into straightforward, approachable advice', '34.00', 39),
('978-3-16-148998-3', 'HTML and CSS: Design and Build Websites', 'Jon Ducket', 'image_2021-06-10_221603.png', 'A full-color introduction to the basics of HTML and CSS from the publishers of Wrox!\r\nEvery day, more and more people want to learn some HTML and CSS. Joining the professional web designers and programmers are new audiences who need to know a little bit of code at work (update a content management system or e-commerce store) and those who want to make their personal blogs more attractive. Many books teaching HTML and CSS are dry and only written for those who want to become programmers, which is why this book takes an entirely new approach.', '21.00', 41),
('978-3-16-149804-0', 'Laravel: The Ultimate Beginner\'s Guide to Learn Laravel', 'Rufus Steward', 'image_2021-06-11_003040.png', 'If you’re looking for a book that can help you to build amazing web applications, this is the book for you! Aimed at people who have some experience with Laravel, this cookbook has your back!\r\n\r\nThere are many proven code rich recipes for working with Laravel. Each recipe includes practical advice, tips, and tricks for working with jQuery, AJAX, JSON, API, data persistence', '14.00', 1),
('978-3-16-149811-2', 'Clean Code: A Handbook of Agile Software Craftsmanship', 'Robert C.Martin', 'image_2021-06-11_003812.png', 'Even bad code can function. But if code isn’t clean, it can bring a development organization to its knees. Every year, countless hours and significant resources are lost because of poorly written code. But it doesn’t have to be that way.\r\n\r\nNoted software expert Robert C. Martin, presents a revolutionary paradigm with Clean Code: A Handbook of Agile Software Craftsmanship. Martin, who has helped bring agile principles from a practitioner’s point of view to tens of thousands of programmers, has teamed up with his colleagues from Object Mentor to distill their best agile practice of cleaning code “on the fly” into a book that will instill within you the values of software craftsman, and make you a better programmer?but only if you work at it.', '28.00', 4),
('978-3-16-149871-2', 'Design Patterns in PHP and Laravel', 'Kelt Dokins', 'image_2021-06-11_003217.png', 'Learn each of the original gang of four design patterns, and how they are relevant to modern PHP and Laravel development. Written by a working developer who uses these patterns every day, you will easily be able to implement each pattern into your workflow and improve your development. Each pattern is covered with full examples of how it can be used.', '39.00', 1),
('978-3-16-166010-0', 'WordPress: The Missing Manual', 'Mathew McDonald', 'image_2021-06-10_234416.png', 'Whether you\'re a budding blogger or seasoned web designer, WordPress is a brilliant tool for creating websites--once you know how to tap into its impressive features. The latest edition of this jargon-free Missing Manual shows you how to use WordPress\'s themes, widgets, and plug-ins to build just about any kind of site.', '33.00', 6),
('978-3-16-176310-0', 'Macroeconomics: Private and Public Choice', 'James.D Gwartney', 'image_2021-06-10_223709.png', 'Learn how to apply macroeconomic concepts to today?s real world as MACROECONOMICS: PRIVATE AND PUBLIC CHOICE, 16E reflects current economic conditions. This highly readable, up-to-date text analyzes and explains measures of economic activity in today?s market. It also highlights the recession of 2008-2009 and dispels common economic myths. The book uses the \"invisible hand\" metaphor to explain economic theory, demonstrating how it works to stimulate the economy. This edition even includes online learning solutions, such as Aplia, to improve your learning. Graphing tutorials and videos embedded within the interactive reader support your work and improve your performance.', '84.00', 5),
('978-3-16-187110-1', 'Art of Computer Programming, Volume 4', 'Donald Knuth', 'image_2021-06-11_005231.png', 'This multivolume work on the analysis of algorithms has long been recognized as the definitive description of classical computer science. The four volumes published to date already comprise a unique and invaluable resource in programming theory and practice. Countless readers have spoken about the profound personal influence of Knuth’s writings. Scientists have marveled at the beauty and elegance of his analysis, while practicing programmers have successfully applied his “cookbook” solutions to their day-to-day problems. All have admired Knuth for the breadth, clarity, accuracy, and good humor found in his books.', '27.00', 6),
('978-3-16-188710-0', 'Microsoft Excel 2019 Data Analysis', 'Wayne Winstom', 'image_2021-06-10_223210.png', 'Master business modeling and analysis techniques with Microsoft Excel 2019, and transform data into bottom-line results. Written by award-winning educator Wayne Winston, this hands-on, scenario-focused guide shows you how to use the latest Excel tools to integrate data from multiple tables–and how to effectively build a relational data source inside an Excel workbook.', '52.00', 42),
('978-3-16-191210-3', 'Laravel: Up & Running: A Framework for Building Modern PHP A', 'Matt Stauffer', 'image_2021-06-10_223902.png', 'What sets Laravel apart from other PHP web frameworks? Speed and simplicity, for starters. This rapid application development framework and its ecosystem of tools let you quickly build new sites and applications with clean, readable code. Fully updated to cover Laravel 5.8, the second edition of this practical guide provides the definitive introduction to one of today’s mostpopular web frameworks.', '34.00', 44),
('978-3-16-198210-0', 'Learn C++ Quickly: A Complete Beginner’s Guide to Learning', 'Code Quickly', 'image_2021-06-11_000806.png', 'A perfect way to have your resume outshine the rest…\r\nThe most successful programs of the last 30 years were developed in C++. From Microsoft Word to Facebook to Adobe Photoshop, C++ is at the heart of the most lucrative technologies in today’s world.\r\n\r\nC++ is the most powerful programming language in the modern world for one simple reason: it allows for complete control, not only of the program’s logic and graphical user interface, but of the hardware too.', '6.00', 4),
('978-3-16-198410-0', 'System Design Interview', 'Alex Xu', 'image_2021-06-10_215302.png', 'The system design interview is considered to be the most complex and most difficult technical job interview by many. This book provides a step-by-step framework on how to tackle a system design question. It includes many real-world examples to illustrate the systematic approach with detailed steps that you can follow.', '45.00', 43),
('978-3-16-198781-2', 'Algorithms (4th Edition)', 'Robert Sedgewick', 'image_2021-06-11_004805.png', 'This fourth edition of Robert Sedgewick and Kevin Wayne’s Algorithms is the leading textbook on algorithms today and is widely used in colleges and universities worldwide. This book surveys the most important computer algorithms currently in use and provides a full treatment of data structures and algorithms for sorting, searching, graph processing, and string processing--including fifty algorithms every programmer should know. In this edition, new Java implementations are written in an accessible modular programming style, where all of the code is exposed to the reader and ready to use.', '69.00', 39),
('978-3-16-199410-0', 'Hands-On Machine Learning with Scikit-Learn, Keras, and Tens', 'Aurelian Geron', 'image_2021-06-10_215400.png', 'Through a series of recent breakthroughs, deep learning has boosted the entire field of machine learning. Now, even programmers who know close to nothing about this technology can use simple, efficient tools to implement programs capable of learning from data. This practical book shows you how', '22.00', 44),
('978-3-16-238410-0', 'Learn JavaScript Quickly: A Complete Beginner’s Guide', 'Code Quickly', 'image_2021-06-10_221856.png', 'Become a Master Coder and Cash In the Big Bucks: JavaScript Programming Made Easy.\r\nDo you want to develop a skill that will ensure you never go jobless again?\r\n\r\nHave you always wanted to learn how to program but could never afford those ridiculously', '54.00', 41);

-- --------------------------------------------------------

--
-- Table structure for table `country`
--

CREATE TABLE `country` (
  `id` int(11) NOT NULL,
  `iso` char(2) NOT NULL,
  `name` varchar(80) NOT NULL,
  `nicename` varchar(80) NOT NULL,
  `iso3` char(3) DEFAULT NULL,
  `numcode` smallint(6) DEFAULT NULL,
  `phonecode` int(5) NOT NULL
) ENGINE=MyISAM DEFAULT CHARSET=latin1;

--
-- Dumping data for table `country`
--

INSERT INTO `country` (`id`, `iso`, `name`, `nicename`, `iso3`, `numcode`, `phonecode`) VALUES
(1, 'AF', 'AFGHANISTAN', 'Afghanistan', 'AFG', 4, 93),
(2, 'AL', 'ALBANIA', 'Albania', 'ALB', 8, 355),
(3, 'DZ', 'ALGERIA', 'Algeria', 'DZA', 12, 213),
(4, 'AS', 'AMERICAN SAMOA', 'American Samoa', 'ASM', 16, 1684),
(5, 'AD', 'ANDORRA', 'Andorra', 'AND', 20, 376),
(6, 'AO', 'ANGOLA', 'Angola', 'AGO', 24, 244),
(7, 'AI', 'ANGUILLA', 'Anguilla', 'AIA', 660, 1264),
(8, 'AQ', 'ANTARCTICA', 'Antarctica', NULL, NULL, 0),
(9, 'AG', 'ANTIGUA AND BARBUDA', 'Antigua and Barbuda', 'ATG', 28, 1268),
(10, 'AR', 'ARGENTINA', 'Argentina', 'ARG', 32, 54),
(11, 'AM', 'ARMENIA', 'Armenia', 'ARM', 51, 374),
(12, 'AW', 'ARUBA', 'Aruba', 'ABW', 533, 297),
(13, 'AU', 'AUSTRALIA', 'Australia', 'AUS', 36, 61),
(14, 'AT', 'AUSTRIA', 'Austria', 'AUT', 40, 43),
(15, 'AZ', 'AZERBAIJAN', 'Azerbaijan', 'AZE', 31, 994),
(16, 'BS', 'BAHAMAS', 'Bahamas', 'BHS', 44, 1242),
(17, 'BH', 'BAHRAIN', 'Bahrain', 'BHR', 48, 973),
(18, 'BD', 'BANGLADESH', 'Bangladesh', 'BGD', 50, 880),
(19, 'BB', 'BARBADOS', 'Barbados', 'BRB', 52, 1246),
(20, 'BY', 'BELARUS', 'Belarus', 'BLR', 112, 375),
(21, 'BE', 'BELGIUM', 'Belgium', 'BEL', 56, 32),
(22, 'BZ', 'BELIZE', 'Belize', 'BLZ', 84, 501),
(23, 'BJ', 'BENIN', 'Benin', 'BEN', 204, 229),
(24, 'BM', 'BERMUDA', 'Bermuda', 'BMU', 60, 1441),
(25, 'BT', 'BHUTAN', 'Bhutan', 'BTN', 64, 975),
(26, 'BO', 'BOLIVIA', 'Bolivia', 'BOL', 68, 591),
(27, 'BA', 'BOSNIA AND HERZEGOVINA', 'Bosnia and Herzegovina', 'BIH', 70, 387),
(28, 'BW', 'BOTSWANA', 'Botswana', 'BWA', 72, 267),
(29, 'BV', 'BOUVET ISLAND', 'Bouvet Island', NULL, NULL, 0),
(30, 'BR', 'BRAZIL', 'Brazil', 'BRA', 76, 55),
(32, 'BN', 'BRUNEI DARUSSALAM', 'Brunei Darussalam', 'BRN', 96, 673),
(33, 'BG', 'BULGARIA', 'Bulgaria', 'BGR', 100, 359),
(34, 'BF', 'BURKINA FASO', 'Burkina Faso', 'BFA', 854, 226),
(35, 'BI', 'BURUNDI', 'Burundi', 'BDI', 108, 257),
(36, 'KH', 'CAMBODIA', 'Cambodia', 'KHM', 116, 855),
(37, 'CM', 'CAMEROON', 'Cameroon', 'CMR', 120, 237),
(38, 'CA', 'CANADA', 'Canada', 'CAN', 124, 1),
(39, 'CV', 'CAPE VERDE', 'Cape Verde', 'CPV', 132, 238),
(40, 'KY', 'CAYMAN ISLANDS', 'Cayman Islands', 'CYM', 136, 1345),
(41, 'CF', 'CENTRAL AFRICAN REPUBLIC', 'Central African Republic', 'CAF', 140, 236),
(42, 'TD', 'CHAD', 'Chad', 'TCD', 148, 235),
(43, 'CL', 'CHILE', 'Chile', 'CHL', 152, 56),
(44, 'CN', 'CHINA', 'China', 'CHN', 156, 86),
(45, 'CX', 'CHRISTMAS ISLAND', 'Christmas Island', NULL, NULL, 61),
(46, 'CC', 'COCOS (KEELING) ISLANDS', 'Cocos (Keeling) Islands', NULL, NULL, 672),
(47, 'CO', 'COLOMBIA', 'Colombia', 'COL', 170, 57),
(48, 'KM', 'COMOROS', 'Comoros', 'COM', 174, 269),
(49, 'CG', 'CONGO', 'Congo', 'COG', 178, 242),
(51, 'CK', 'COOK ISLANDS', 'Cook Islands', 'COK', 184, 682),
(52, 'CR', 'COSTA RICA', 'Costa Rica', 'CRI', 188, 506),
(53, 'CI', 'COTE D\'IVOIRE', 'Cote D\'Ivoire', 'CIV', 384, 225),
(54, 'HR', 'CROATIA', 'Croatia', 'HRV', 191, 385),
(55, 'CU', 'CUBA', 'Cuba', 'CUB', 192, 53),
(56, 'CY', 'CYPRUS', 'Cyprus', 'CYP', 196, 357),
(57, 'CZ', 'CZECH REPUBLIC', 'Czech Republic', 'CZE', 203, 420),
(58, 'DK', 'DENMARK', 'Denmark', 'DNK', 208, 45),
(59, 'DJ', 'DJIBOUTI', 'Djibouti', 'DJI', 262, 253),
(60, 'DM', 'DOMINICA', 'Dominica', 'DMA', 212, 1767),
(61, 'DO', 'DOMINICAN REPUBLIC', 'Dominican Republic', 'DOM', 214, 1809),
(62, 'EC', 'ECUADOR', 'Ecuador', 'ECU', 218, 593),
(63, 'EG', 'EGYPT', 'Egypt', 'EGY', 818, 20),
(64, 'SV', 'EL SALVADOR', 'El Salvador', 'SLV', 222, 503),
(65, 'GQ', 'EQUATORIAL GUINEA', 'Equatorial Guinea', 'GNQ', 226, 240),
(66, 'ER', 'ERITREA', 'Eritrea', 'ERI', 232, 291),
(67, 'EE', 'ESTONIA', 'Estonia', 'EST', 233, 372),
(68, 'ET', 'ETHIOPIA', 'Ethiopia', 'ETH', 231, 251),
(69, 'FK', 'FALKLAND ISLANDS (MALVINAS)', 'Falkland Islands (Malvinas)', 'FLK', 238, 500),
(70, 'FO', 'FAROE ISLANDS', 'Faroe Islands', 'FRO', 234, 298),
(71, 'FJ', 'FIJI', 'Fiji', 'FJI', 242, 679),
(72, 'FI', 'FINLAND', 'Finland', 'FIN', 246, 358),
(77, 'GA', 'GABON', 'Gabon', 'GAB', 266, 241),
(78, 'GM', 'GAMBIA', 'Gambia', 'GMB', 270, 220),
(79, 'GE', 'GEORGIA', 'Georgia', 'GEO', 268, 995),
(80, 'DE', 'GERMANY', 'Germany', 'DEU', 276, 49),
(81, 'GH', 'GHANA', 'Ghana', 'GHA', 288, 233),
(82, 'GI', 'GIBRALTAR', 'Gibraltar', 'GIB', 292, 350),
(83, 'GR', 'GREECE', 'Greece', 'GRC', 300, 30),
(84, 'GL', 'GREENLAND', 'Greenland', 'GRL', 304, 299),
(85, 'GD', 'GRENADA', 'Grenada', 'GRD', 308, 1473),
(86, 'GP', 'GUADELOUPE', 'Guadeloupe', 'GLP', 312, 590),
(87, 'GU', 'GUAM', 'Guam', 'GUM', 316, 1671),
(88, 'GT', 'GUATEMALA', 'Guatemala', 'GTM', 320, 502),
(89, 'GN', 'GUINEA', 'Guinea', 'GIN', 324, 224),
(90, 'GW', 'GUINEA-BISSAU', 'Guinea-Bissau', 'GNB', 624, 245),
(91, 'GY', 'GUYANA', 'Guyana', 'GUY', 328, 592),
(92, 'HT', 'HAITI', 'Haiti', 'HTI', 332, 509),
(94, 'VA', 'HOLY SEE (VATICAN CITY STATE)', 'Holy See (Vatican City State)', 'VAT', 336, 39),
(95, 'HN', 'HONDURAS', 'Honduras', 'HND', 340, 504),
(96, 'HK', 'HONG KONG', 'Hong Kong', 'HKG', 344, 852),
(97, 'HU', 'HUNGARY', 'Hungary', 'HUN', 348, 36),
(98, 'IS', 'ICELAND', 'Iceland', 'ISL', 352, 354),
(99, 'IN', 'INDIA', 'India', 'IND', 356, 91),
(100, 'ID', 'INDONESIA', 'Indonesia', 'IDN', 360, 62),
(101, 'IR', 'IRAN, ISLAMIC REPUBLIC OF', 'Iran, Islamic Republic of', 'IRN', 364, 98),
(102, 'IQ', 'IRAQ', 'Iraq', 'IRQ', 368, 964),
(103, 'IE', 'IRELAND', 'Ireland', 'IRL', 372, 353),
(105, 'IT', 'ITALY', 'Italy', 'ITA', 380, 39),
(106, 'JM', 'JAMAICA', 'Jamaica', 'JAM', 388, 1876),
(107, 'JP', 'JAPAN', 'Japan', 'JPN', 392, 81),
(108, 'JO', 'JORDAN', 'Jordan', 'JOR', 400, 962),
(109, 'KZ', 'KAZAKHSTAN', 'Kazakhstan', 'KAZ', 398, 7),
(110, 'KE', 'KENYA', 'Kenya', 'KEN', 404, 254),
(111, 'KI', 'KIRIBATI', 'Kiribati', 'KIR', 296, 686),
(113, 'KR', 'KOREA, REPUBLIC OF', 'Korea, Republic of', 'KOR', 410, 82),
(114, 'KW', 'KUWAIT', 'Kuwait', 'KWT', 414, 965),
(115, 'KG', 'KYRGYZSTAN', 'Kyrgyzstan', 'KGZ', 417, 996),
(116, 'LA', 'LAO PEOPLE\'S DEMOCRATIC REPUBLIC', 'Lao People\'s Democratic Republic', 'LAO', 418, 856),
(117, 'LV', 'LATVIA', 'Latvia', 'LVA', 428, 371),
(118, 'LB', 'LEBANON', 'Lebanon', 'LBN', 422, 961),
(119, 'LS', 'LESOTHO', 'Lesotho', 'LSO', 426, 266),
(120, 'LR', 'LIBERIA', 'Liberia', 'LBR', 430, 231),
(121, 'LY', 'LIBYAN ARAB JAMAHIRIYA', 'Libyan Arab Jamahiriya', 'LBY', 434, 218),
(122, 'LI', 'LIECHTENSTEIN', 'Liechtenstein', 'LIE', 438, 423),
(123, 'LT', 'LITHUANIA', 'Lithuania', 'LTU', 440, 370),
(124, 'LU', 'LUXEMBOURG', 'Luxembourg', 'LUX', 442, 352),
(125, 'MO', 'MACAO', 'Macao', 'MAC', 446, 853),
(127, 'MG', 'MADAGASCAR', 'Madagascar', 'MDG', 450, 261),
(128, 'MW', 'MALAWI', 'Malawi', 'MWI', 454, 265),
(129, 'MY', 'MALAYSIA', 'Malaysia', 'MYS', 458, 60),
(130, 'MV', 'MALDIVES', 'Maldives', 'MDV', 462, 960),
(131, 'ML', 'MALI', 'Mali', 'MLI', 466, 223),
(132, 'MT', 'MALTA', 'Malta', 'MLT', 470, 356),
(133, 'MH', 'MARSHALL ISLANDS', 'Marshall Islands', 'MHL', 584, 692),
(134, 'MQ', 'MARTINIQUE', 'Martinique', 'MTQ', 474, 596),
(135, 'MR', 'MAURITANIA', 'Mauritania', 'MRT', 478, 222),
(136, 'MU', 'MAURITIUS', 'Mauritius', 'MUS', 480, 230),
(137, 'YT', 'MAYOTTE', 'Mayotte', NULL, NULL, 269),
(138, 'MX', 'MEXICO', 'Mexico', 'MEX', 484, 52),
(139, 'FM', 'MICRONESIA, FEDERATED STATES OF', 'Micronesia, Federated States of', 'FSM', 583, 691),
(140, 'MD', 'MOLDOVA, REPUBLIC OF', 'Moldova, Republic of', 'MDA', 498, 373),
(141, 'MC', 'MONACO', 'Monaco', 'MCO', 492, 377),
(142, 'MN', 'MONGOLIA', 'Mongolia', 'MNG', 496, 976),
(143, 'MS', 'MONTSERRAT', 'Montserrat', 'MSR', 500, 1664),
(144, 'MA', 'MOROCCO', 'Morocco', 'MAR', 504, 212),
(145, 'MZ', 'MOZAMBIQUE', 'Mozambique', 'MOZ', 508, 258),
(146, 'MM', 'MYANMAR', 'Myanmar', 'MMR', 104, 95),
(147, 'NA', 'NAMIBIA', 'Namibia', 'NAM', 516, 264),
(148, 'NR', 'NAURU', 'Nauru', 'NRU', 520, 674),
(149, 'NP', 'NEPAL', 'Nepal', 'NPL', 524, 977),
(150, 'NL', 'NETHERLANDS', 'Netherlands', 'NLD', 528, 31),
(151, 'AN', 'NETHERLANDS ANTILLES', 'Netherlands Antilles', 'ANT', 530, 599),
(152, 'NC', 'NEW CALEDONIA', 'New Caledonia', 'NCL', 540, 687),
(153, 'NZ', 'NEW ZEALAND', 'New Zealand', 'NZL', 554, 64),
(154, 'NI', 'NICARAGUA', 'Nicaragua', 'NIC', 558, 505),
(155, 'NE', 'NIGER', 'Niger', 'NER', 562, 227),
(156, 'NG', 'NIGERIA', 'Nigeria', 'NGA', 566, 234),
(157, 'NU', 'NIUE', 'Niue', 'NIU', 570, 683),
(158, 'NF', 'NORFOLK ISLAND', 'Norfolk Island', 'NFK', 574, 672),
(159, 'MP', 'NORTHERN MARIANA ISLANDS', 'Northern Mariana Islands', 'MNP', 580, 1670),
(160, 'NO', 'NORWAY', 'Norway', 'NOR', 578, 47),
(161, 'OM', 'OMAN', 'Oman', 'OMN', 512, 968),
(162, 'PK', 'PAKISTAN', 'Pakistan', 'PAK', 586, 92),
(163, 'PW', 'PALAU', 'Palau', 'PLW', 585, 680),
(164, 'PS', 'PALESTINIAN TERRITORY, OCCUPIED', 'Palestinian Territory, Occupied', NULL, NULL, 970),
(165, 'PA', 'PANAMA', 'Panama', 'PAN', 591, 507),
(166, 'PG', 'PAPUA NEW GUINEA', 'Papua New Guinea', 'PNG', 598, 675),
(167, 'PY', 'PARAGUAY', 'Paraguay', 'PRY', 600, 595),
(172, 'PT', 'PORTUGAL', 'Portugal', 'PRT', 620, 351),
(174, 'QA', 'QATAR', 'Qatar', 'QAT', 634, 974),
(175, 'RE', 'REUNION', 'Reunion', 'REU', 638, 262),
(176, 'RO', 'ROMANIA', 'Romania', 'ROM', 642, 40),
(177, 'RU', 'RUSSIAN FEDERATION', 'Russian Federation', 'RUS', 643, 70),
(185, 'SM', 'SAN MARINO', 'San Marino', 'SMR', 674, 378),
(186, 'ST', 'SAO TOME AND PRINCIPE', 'Sao Tome and Principe', 'STP', 678, 239),
(187, 'SA', 'SAUDI ARABIA', 'Saudi Arabia', 'SAU', 682, 966),
(188, 'SN', 'SENEGAL', 'Senegal', 'SEN', 686, 221),
(189, 'CS', 'SERBIA AND MONTENEGRO', 'Serbia and Montenegro', NULL, NULL, 381),
(190, 'SC', 'SEYCHELLES', 'Seychelles', 'SYC', 690, 248),
(191, 'SL', 'SIERRA LEONE', 'Sierra Leone', 'SLE', 694, 232),
(192, 'SG', 'SINGAPORE', 'Singapore', 'SGP', 702, 65),
(193, 'SK', 'SLOVAKIA', 'Slovakia', 'SVK', 703, 421),
(194, 'SI', 'SLOVENIA', 'Slovenia', 'SVN', 705, 386),
(195, 'SB', 'SOLOMON ISLANDS', 'Solomon Islands', 'SLB', 90, 677),
(196, 'SO', 'SOMALIA', 'Somalia', 'SOM', 706, 252),
(197, 'ZA', 'SOUTH AFRICA', 'South Africa', 'ZAF', 710, 27),
(199, 'ES', 'SPAIN', 'Spain', 'ESP', 724, 34),
(200, 'LK', 'SRI LANKA', 'Sri Lanka', 'LKA', 144, 94),
(201, 'SD', 'SUDAN', 'Sudan', 'SDN', 736, 249),
(202, 'SR', 'SURINAME', 'Suriname', 'SUR', 740, 597),
(203, 'SJ', 'SVALBARD AND JAN MAYEN', 'Svalbard and Jan Mayen', 'SJM', 744, 47),
(204, 'SZ', 'SWAZILAND', 'Swaziland', 'SWZ', 748, 268),
(205, 'SE', 'SWEDEN', 'Sweden', 'SWE', 752, 46),
(206, 'CH', 'SWITZERLAND', 'Switzerland', 'CHE', 756, 41),
(207, 'SY', 'SYRIAN ARAB REPUBLIC', 'Syrian Arab Republic', 'SYR', 760, 963),
(208, 'TW', 'TAIWAN, PROVINCE OF CHINA', 'Taiwan, Province of China', 'TWN', 158, 886),
(209, 'TJ', 'TAJIKISTAN', 'Tajikistan', 'TJK', 762, 992),
(212, 'TL', 'TIMOR-LESTE', 'Timor-Leste', NULL, NULL, 670),
(213, 'TG', 'TOGO', 'Togo', 'TGO', 768, 228),
(215, 'TO', 'TONGA', 'Tonga', 'TON', 776, 676),
(216, 'TT', 'TRINIDAD AND TOBAGO', 'Trinidad and Tobago', 'TTO', 780, 1868),
(217, 'TN', 'TUNISIA', 'Tunisia', 'TUN', 788, 216),
(218, 'TR', 'TURKEY', 'Turkey', 'TUR', 792, 90),
(219, 'TM', 'TURKMENISTAN', 'Turkmenistan', 'TKM', 795, 7370),
(220, 'TC', 'TURKS AND CAICOS ISLANDS', 'Turks and Caicos Islands', 'TCA', 796, 1649),
(221, 'TV', 'TUVALU', 'Tuvalu', 'TUV', 798, 688),
(223, 'UA', 'UKRAINE', 'Ukraine', 'UKR', 804, 380),
(224, 'AE', 'UNITED ARAB EMIRATES', 'United Arab Emirates', 'ARE', 784, 971),
(225, 'GB', 'UNITED KINGDOM', 'United Kingdom', 'GBR', 826, 44),
(226, 'US', 'UNITED STATES', 'United States', 'USA', 840, 1),
(228, 'UY', 'URUGUAY', 'Uruguay', 'URY', 858, 598),
(229, 'UZ', 'UZBEKISTAN', 'Uzbekistan', 'UZB', 860, 998),
(230, 'VU', 'VANUATU', 'Vanuatu', 'VUT', 548, 678),
(231, 'VE', 'VENEZUELA', 'Venezuela', 'VEN', 862, 58),
(232, 'VN', 'VIET NAM', 'Viet Nam', 'VNM', 704, 84),
(233, 'VG', 'VIRGIN ISLANDS, BRITISH', 'Virgin Islands, British', 'VGB', 92, 1284),
(235, 'WF', 'WALLIS AND FUTUNA', 'Wallis and Futuna', 'WLF', 876, 681),
(236, 'EH', 'WESTERN SAHARA', 'Western Sahara', 'ESH', 732, 212),
(237, 'YE', 'YEMEN', 'Yemen', 'YEM', 887, 967),
(238, 'ZM', 'ZAMBIA', 'Zambia', 'ZMB', 894, 260),
(239, 'ZW', 'ZIMBABWE', 'Zimbabwe', 'ZWE', 716, 263);

-- --------------------------------------------------------

--
-- Table structure for table `customers`
--

CREATE TABLE `customers` (
  `customerid` int(10) UNSIGNED NOT NULL,
  `name` varchar(60) COLLATE latin1_general_ci NOT NULL,
  `address` varchar(80) COLLATE latin1_general_ci NOT NULL,
  `city` varchar(30) COLLATE latin1_general_ci NOT NULL,
  `zip_code` varchar(10) COLLATE latin1_general_ci NOT NULL,
  `country` varchar(60) COLLATE latin1_general_ci NOT NULL
) ENGINE=InnoDB DEFAULT CHARSET=latin1 COLLATE=latin1_general_ci;

--
-- Dumping data for table `customers`
--

INSERT INTO `customers` (`customerid`, `name`, `address`, `city`, `zip_code`, `country`) VALUES
(1, 'a', 'a', 'a', 'a', 'a'),
(2, 'b', 'b', 'b', 'b', 'b'),
(3, 'test', '123 test', '12121', 'test', 'test'),
(4, 'danish mehmood', 'sialkot bypass gujranwala', 'gujranwala', '202550', 'pakistan');

-- --------------------------------------------------------

--
-- Table structure for table `orders`
--

CREATE TABLE `orders` (
  `orderid` int(10) UNSIGNED NOT NULL,
  `customerid` int(10) UNSIGNED NOT NULL,
  `amount` decimal(6,2) DEFAULT NULL,
  `date` timestamp NOT NULL DEFAULT current_timestamp(),
  `ship_name` char(60) COLLATE latin1_general_ci NOT NULL,
  `ship_address` char(80) COLLATE latin1_general_ci NOT NULL,
  `ship_city` char(30) COLLATE latin1_general_ci NOT NULL,
  `ship_zip_code` char(10) COLLATE latin1_general_ci NOT NULL,
  `ship_country` char(20) COLLATE latin1_general_ci NOT NULL
) ENGINE=InnoDB DEFAULT CHARSET=latin1 COLLATE=latin1_general_ci;

--
-- Dumping data for table `orders`
--

INSERT INTO `orders` (`orderid`, `customerid`, `amount`, `date`, `ship_name`, `ship_address`, `ship_city`, `ship_zip_code`, `ship_country`) VALUES
(1, 1, '60.00', '2015-12-03 13:30:12', 'a', 'a', 'a', 'a', 'a'),
(2, 2, '60.00', '2015-12-03 13:31:12', 'b', 'b', 'b', 'b', 'b'),
(3, 3, '20.00', '2015-12-03 19:34:21', 'test', '123 test', '12121', 'test', 'test'),
(4, 1, '20.00', '2015-12-04 10:19:14', 'a', 'a', 'a', 'a', 'a'),
(5, 4, '40.00', '2021-05-21 14:53:11', 'danish mehmood', 'sialkot bypass gujranwala', 'gujranwala', '202550', 'pakistan');

-- --------------------------------------------------------

--
-- Table structure for table `order_items`
--

CREATE TABLE `order_items` (
  `orderid` int(10) UNSIGNED NOT NULL,
  `book_isbn` varchar(20) COLLATE latin1_general_ci NOT NULL,
  `item_price` decimal(6,2) NOT NULL,
  `quantity` tinyint(3) UNSIGNED NOT NULL
) ENGINE=InnoDB DEFAULT CHARSET=latin1 COLLATE=latin1_general_ci;

--
-- Dumping data for table `order_items`
--

INSERT INTO `order_items` (`orderid`, `book_isbn`, `item_price`, `quantity`) VALUES
(1, '978-1-118-94924-5', '20.00', 1),
(1, '978-1-44937-019-0', '20.00', 1),
(1, '978-1-49192-706-9', '20.00', 1),
(2, '978-1-118-94924-5', '20.00', 1),
(2, '978-1-44937-019-0', '20.00', 1),
(2, '978-1-49192-706-9', '20.00', 1),
(3, '978-0-321-94786-4', '20.00', 1),
(1, '978-1-49192-706-9', '20.00', 1),
(5, '978-1-484217-26-9', '20.00', 1),
(5, '978-0-7303-1484-4', '20.00', 1);

-- --------------------------------------------------------

--
-- Table structure for table `publisher`
--

CREATE TABLE `publisher` (
  `publisherid` int(10) UNSIGNED NOT NULL,
  `publisher_name` varchar(60) COLLATE latin1_general_ci NOT NULL
) ENGINE=InnoDB DEFAULT CHARSET=latin1 COLLATE=latin1_general_ci;

--
-- Dumping data for table `publisher`
--

INSERT INTO `publisher` (`publisherid`, `publisher_name`) VALUES
(1, 'Peachpit Press'),
(2, 'Wrox'),
(4, 'Apress'),
(5, 'Packt Publishing'),
(6, 'Addison-Wesley'),
(39, 'Big Nerd Ranch'),
(40, 'Bitmap Books'),
(41, 'Industrial Press'),
(42, 'Microsoft Press'),
(43, 'Penguin Group'),
(44, 'Silicon Press');

-- --------------------------------------------------------

--
-- Table structure for table `test_user`
--

CREATE TABLE `test_user` (
  `id` int(11) NOT NULL,
  `name` varchar(50) NOT NULL,
  `position` varchar(50) NOT NULL,
  `office` varchar(50) NOT NULL,
  `age` int(11) NOT NULL,
  `startDate` date NOT NULL,
  `salary` varchar(5) NOT NULL
) ENGINE=InnoDB DEFAULT CHARSET=utf8mb4;

--
-- Dumping data for table `test_user`
--

INSERT INTO `test_user` (`id`, `name`, `position`, `office`, `age`, `startDate`, `salary`) VALUES
(1, 'Luciano', 'Engineering', 'Tha Ruea', 44, '2016-05-20', '55000'),
(2, 'Ingeborg', 'Product Management', 'Anyama', 53, '2019-05-29', '38000'),
(3, 'Shalom', 'Human Resources', 'Ustrzyki Dolne', 35, '2020-04-20', '30000'),
(4, 'Farlie', 'Support', 'Naawan', 27, '2016-04-28', '65000'),
(5, 'Dal', 'Sales', 'Digkilaan', 40, '2020-02-02', '50000'),
(6, 'Garnette', 'Product Management', 'Bifeng', 29, '2020-06-15', '28000'),
(7, 'Hillard', 'Engineering', 'Vamvakoú', 30, '2021-01-08', '48000'),
(8, 'Hildegaard', 'Research and Development', 'Akhfennir', 52, '2017-02-15', '55000'),
(9, 'Ermentrude', 'Marketing', 'Isugod', 43, '2017-11-07', '70000'),
(10, 'Conn', 'Research and Development', 'Jinshanzui', 37, '2020-04-20', '32000'),
(11, 'Cati', 'Services', 'Gongjiahe', 45, '2020-02-02', '50000'),
(12, 'Lock', 'Human Resources', 'Romans-sur-Isère', 40, '2019-09-01', '48000'),
(13, 'Cyb', 'Legal', 'Quinarayan', 39, '2017-09-07', '75000'),
(14, 'Tadeas', 'Human Resources', 'Djibo', 41, '2018-06-04', '62000'),
(15, 'Pablo', 'Engineering', 'Shuinanxu', 52, '2016-11-06', '30000'),
(16, 'Martita', 'Engineering', 'Millau', 28, '2019-07-18', '75000'),
(17, 'Shamus', 'Support', 'San Antonio', 35, '2020-11-14', '54000'),
(18, 'Reginald', 'Product Management', 'Kýria', 51, '2017-02-15', '75000'),
(19, 'Kelwin', 'Research and Development', 'Dongshan', 29, '2019-07-19', '28000'),
(20, 'Marshal', 'Engineering', 'Cataguases', 29, '2016-04-28', '80000'),
(21, 'Wittie', 'Engineering', 'Dipayal', 42, '2017-11-03', '80000'),
(22, 'Amabel', 'Engineering', 'Daleszyce', 27, '2016-04-11', '65000'),
(23, 'Shanna', 'Legal', 'Iwaki', 38, '2020-02-13', '25000'),
(24, 'Leicester', 'Engineering', 'Independencia', 41, '2020-08-22', '48000'),
(25, 'Miof mela', 'Services', 'Jinshan', 41, '2018-06-01', '65000'),
(26, 'Noelani', 'Sales', 'Rafael Perazza', 28, '2018-02-26', '38000'),
(27, 'Atlante', 'Sales', 'Najin', 45, '2018-12-22', '42000'),
(28, 'Welby', 'Accounting', 'La Cruz', 29, '2018-10-06', '42000'),
(29, 'Kristofer', 'Human Resources', 'Bingawan', 33, '2016-03-10', '65000'),
(30, 'Daron', 'Human Resources', 'Rudnogorsk', 43, '2016-01-13', '40000'),
(31, 'Ellery', 'Research and Development', 'Saint-Quentin-en-Yvelines', 34, '2017-10-22', '55000'),
(32, 'Wilfred', 'Services', 'Vatutine', 53, '2018-01-28', '62000'),
(33, 'Kit', 'Business Development', 'Halden', 48, '2017-06-15', '35000'),
(34, 'Gustave', 'Support', 'Prokuplje', 32, '2019-07-14', '40000'),
(35, 'Gennifer', 'Services', 'Xin’e', 27, '2016-08-24', '55000'),
(36, 'Ernestine', 'Human Resources', 'Yantan', 48, '2018-01-30', '25000'),
(37, 'Rabi', 'Accounting', 'Bonebone', 39, '2016-01-06', '55000'),
(38, 'Leodora', 'Research and Development', 'Binitayan', 31, '2019-03-25', '48000'),
(39, 'Natal', 'Product Management', 'Aparecida', 33, '2021-03-27', '75000'),
(40, 'Amerigo', 'Product Management', 'Imbang', 47, '2021-02-28', '45000'),
(41, 'Redford', 'Accounting', 'Zouila', 47, '2019-02-19', '30000'),
(42, 'Dill', 'Accounting', 'Khombole', 47, '2020-06-17', '25000'),
(43, 'Alexis', 'Training', 'Sanhe', 42, '2019-12-28', '50000'),
(44, 'Keelby', 'Engineering', 'Zaoshi', 55, '2015-10-29', '28000'),
(45, 'Suzanna', 'Product Management', 'Jihui', 53, '2017-01-01', '32000'),
(46, 'Arthur', 'Services', 'Aquin', 52, '2020-07-08', '80000'),
(47, 'Raul', 'Accounting', 'Nato', 52, '2018-04-29', '42000'),
(48, 'Jethro', 'Support', 'Santa Cruz', 42, '2019-09-03', '45000'),
(49, 'Barbabas', 'Services', 'Louredo', 45, '2017-06-05', '75000'),
(50, 'Linn', 'Engineering', 'Żarnów', 25, '2015-12-04', '50000'),
(51, 'Darci', 'Research and Development', 'Paris 11', 49, '2019-12-29', '35000'),
(52, 'Hebert', 'Accounting', 'Xinpeicun', 47, '2018-01-05', '70000'),
(53, 'Leonardo', 'Business Development', 'Lacroix-Saint-Ouen', 45, '2016-08-02', '38000'),
(54, 'Dew', 'Product Management', 'Urcos', 40, '2020-01-04', '80000'),
(55, 'Francisco', 'Services', 'Tugu', 46, '2019-03-16', '50000'),
(56, 'Packston', 'Business Development', 'Kangaslampi', 33, '2020-09-02', '70000'),
(57, 'Mariellen', 'Engineering', 'Saravia', 27, '2020-01-22', '38000'),
(58, 'Minta', 'Human Resources', 'Fanrong', 47, '2019-02-19', '30000'),
(59, 'Ryan', 'Accounting', 'Karak City', 49, '2016-01-05', '75000'),
(60, 'Payton', 'Engineering', 'Kalāleh', 28, '2019-01-16', '70000'),
(61, 'Delphine', 'Engineering', 'Tuymazy', 31, '2021-04-19', '40000'),
(62, 'Lowrance', 'Research and Development', 'Santa Cruz do Bispo', 47, '2017-01-28', '80000'),
(63, 'Devin', 'Business Development', 'Tân Việt', 26, '2017-05-11', '32000'),
(64, 'Caroline', 'Accounting', 'Pu’an', 33, '2017-04-27', '45000'),
(65, 'Archie', 'Business Development', 'Villa Castelli', 50, '2019-02-15', '40000'),
(66, 'Shaun', 'Research and Development', 'Orosh', 53, '2016-02-10', '52000'),
(67, 'Jaine', 'Research and Development', 'Paris 06', 49, '2018-10-10', '30000'),
(68, 'Sansone', 'Human Resources', 'Sabang', 44, '2019-06-20', '65000'),
(69, 'Bruis', 'Engineering', 'Lebao', 50, '2016-05-10', '42000'),
(70, 'Omar', 'Sales', 'Mezhevoy', 46, '2018-08-17', '65000'),
(71, 'Thain', 'Services', 'Wenchun', 42, '2015-12-25', '52000'),
(72, 'Dannie', 'Training', 'Liandu', 41, '2016-06-29', '48000'),
(73, 'Abbott', 'Product Management', 'Libertad', 34, '2016-09-10', '40000'),
(74, 'Essy', 'Training', 'Obryte', 54, '2015-10-06', '60000'),
(75, 'Joe', 'Sales', 'Marelesu', 43, '2020-07-23', '28000'),
(76, 'Raquel', 'Research and Development', 'Ḑawrān ad Daydah', 55, '2021-01-23', '54000'),
(77, 'Keenan', 'Human Resources', 'San Pedro Necta', 53, '2016-12-30', '65000'),
(78, 'Sibeal', 'Research and Development', 'Aniso', 26, '2017-09-05', '62000'),
(79, 'Joel', 'Business Development', 'Braço do Norte', 39, '2018-06-08', '30000'),
(80, 'Rebe', 'Human Resources', 'Yorii', 49, '2020-10-29', '48000'),
(81, 'Deina', 'Product Management', 'Kotel’va', 55, '2017-08-27', '38000'),
(82, 'Kathleen', 'Human Resources', 'Karangtengah Lor', 42, '2017-11-17', '30000'),
(83, 'Henryetta', 'Engineering', 'Mito-shi', 47, '2021-02-15', '55000'),
(84, 'Harwilll', 'Sales', 'Yayao', 46, '2017-10-25', '70000'),
(85, 'Gunilla', 'Research and Development', 'Kavadarci', 52, '2019-11-03', '32000'),
(86, 'Braden', 'Product Management', 'Tibro', 48, '2021-03-05', '32000'),
(87, 'Margo', 'Business Development', 'Cikadondongdesa', 30, '2016-05-17', '25000'),
(88, 'Vincenty', 'Sales', 'Cergy-Pontoise', 34, '2020-03-02', '65000'),
(89, 'Pietrek', 'Legal', 'Dasiping', 39, '2020-07-05', '25000'),
(90, 'Jewell', 'Accounting', 'Campo de la Cruz', 39, '2015-11-19', '32000'),
(91, 'Simon', 'Services', 'Stare Miasto', 52, '2020-12-02', '54000'),
(92, 'Enrica', 'Human Resources', 'Pancoran', 36, '2020-10-30', '52000'),
(93, 'Catherine', 'Business Development', 'Taekas', 46, '2020-02-18', '50000'),
(94, 'Starla', 'Services', 'Ilyich', 42, '2019-08-05', '75000'),
(95, 'Gregory', 'Engineering', 'Santa Helena de Goiás', 45, '2018-01-05', '40000'),
(96, 'Merwyn', 'Engineering', 'Mgandu', 31, '2017-07-22', '32000'),
(97, 'Colby', 'Research and Development', 'Xia Dawo', 28, '2020-03-13', '38000'),
(98, 'Ashely', 'Product Management', 'Gaoyi', 31, '2018-06-26', '35000'),
(99, 'Tommie', 'Accounting', 'Likhoy', 36, '2019-10-18', '80000'),
(100, 'Perry', 'Engineering', 'Santo Tomas', 49, '2019-12-28', '70000'),
(101, 'Gwennie', 'Product Management', 'Chengnan', 29, '2019-12-16', '42000'),
(102, 'Kathie', 'Legal', 'Nanjie', 35, '2019-12-22', '50000'),
(103, 'Sigvard', 'Product Management', 'Arão', 31, '2020-09-03', '75000'),
(104, 'Marleen', 'Marketing', 'Kryvichy', 30, '2015-10-11', '70000'),
(105, 'Leeann', 'Research and Development', 'Kota Kinabalu', 38, '2016-01-27', '50000'),
(106, 'Maddie', 'Product Management', 'San Felipe', 36, '2020-03-28', '28000'),
(107, 'Mallorie', 'Training', 'Bharatpur', 35, '2019-07-28', '42000'),
(108, 'Helli', 'Services', 'Lungmar', 40, '2018-05-08', '30000'),
(109, 'Wolf', 'Services', 'Taquarituba', 46, '2017-10-14', '55000'),
(110, 'Renate', 'Services', 'Choroszcz', 38, '2021-03-01', '25000'),
(111, 'Hertha', 'Sales', 'Jazovo', 42, '2018-08-09', '32000'),
(112, 'Sean', 'Services', 'Bukowiec', 29, '2021-01-19', '54000'),
(113, 'Shalom', 'Support', 'Trelleborg', 47, '2017-03-10', '30000'),
(114, 'Druci', 'Product Management', 'Al Miqdādīyah', 53, '2018-03-16', '42000'),
(115, 'Arlie', 'Engineering', 'Iwanai', 29, '2018-06-22', '65000'),
(116, 'Berri', 'Accounting', 'Turt', 44, '2019-10-27', '60000'),
(117, 'Germain', 'Legal', 'Huangliu', 40, '2018-03-22', '55000'),
(118, 'Bobinette', 'Engineering', 'Pasadena', 33, '2019-05-03', '42000'),
(119, 'Isadore', 'Sales', 'København', 49, '2019-12-02', '42000'),
(120, 'Adrian', 'Support', 'San Pedro', 42, '2018-05-09', '55000'),
(121, 'Lonny', 'Sales', 'Shengshan', 40, '2016-11-23', '32000'),
(122, 'Cullan', 'Sales', 'Zalishchyky', 30, '2019-10-17', '25000'),
(123, 'Aurelia', 'Research and Development', 'Longmenfan', 46, '2020-11-09', '28000'),
(124, 'Even', 'Sales', 'Chico', 26, '2016-04-11', '62000'),
(125, 'Matt', 'Sales', 'Cangkuang', 37, '2018-01-14', '80000'),
(126, 'Kalina', 'Research and Development', 'Feitoria', 48, '2017-09-27', '32000'),
(127, 'Judi', 'Accounting', 'Emiliano Zapata', 47, '2017-02-10', '54000'),
(128, 'Adelind', 'Product Management', 'Xintaimen', 40, '2017-05-04', '48000'),
(129, 'Nanny', 'Marketing', 'Reno', 51, '2020-04-02', '60000'),
(130, 'Alleen', 'Legal', 'San Nicolas', 46, '2016-11-01', '28000'),
(131, 'Lisetta', 'Accounting', 'Mankoeng', 28, '2017-07-26', '45000'),
(132, 'Tallia', 'Business Development', 'Yên Bái', 42, '2020-05-31', '52000'),
(133, 'Gannie', 'Training', 'Nouâdhibou', 51, '2017-07-10', '50000'),
(134, 'Sukey', 'Services', 'Solţānābād', 37, '2018-12-31', '35000'),
(135, 'Mill', 'Support', 'Zhongshan', 34, '2018-12-01', '54000'),
(136, 'Marie-jeanne', 'Engineering', 'Oranjestad', 42, '2015-11-13', '25000'),
(137, 'Fanchon', 'Services', 'Sindangkopo', 32, '2019-10-29', '32000'),
(138, 'Moe', 'Accounting', 'Liuge', 34, '2016-02-27', '55000'),
(139, 'Tamas', 'Support', 'Karanyowka', 28, '2017-01-18', '45000'),
(140, 'Franky', 'Accounting', 'Arcos', 52, '2018-11-23', '48000'),
(141, 'Ariana', 'Legal', 'Banjar', 41, '2018-07-14', '75000'),
(142, 'Brigham', 'Research and Development', 'Kampunganyar', 34, '2019-09-19', '48000'),
(143, 'Nevil', 'Sales', 'Bardalah', 26, '2018-08-20', '42000'),
(144, 'Anallese', 'Product Management', 'Mākū', 34, '2020-01-28', '25000'),
(145, 'Sherilyn', 'Marketing', 'Mosetse', 29, '2016-11-14', '48000'),
(146, 'Ely', 'Marketing', 'Krasiczyn', 29, '2018-11-23', '32000'),
(147, 'Celka', 'Support', 'Carcassonne', 28, '2016-02-05', '38000'),
(148, 'Kial', 'Sales', 'Pho Si Suwan', 40, '2019-05-02', '52000'),
(149, 'Vanya', 'Engineering', 'Molochnoye', 26, '2017-11-03', '62000'),
(150, 'Minor', 'Research and Development', 'Freire', 45, '2021-03-09', '45000'),
(151, 'Priscella', 'Training', 'Sorongan', 27, '2016-03-01', '35000'),
(152, 'Codie', 'Support', 'São Bernardo do Campo', 55, '2020-10-26', '45000'),
(153, 'Diana', 'Services', 'Walahir', 39, '2017-07-15', '35000'),
(154, 'Yancy', 'Legal', 'Cam Lộ', 33, '2017-10-25', '40000'),
(155, 'Ros', 'Accounting', 'El Retiro', 32, '2019-07-19', '52000'),
(156, 'Alaric', 'Accounting', 'Jdaidet el Matn', 33, '2019-09-04', '32000'),
(157, 'Adriaens', 'Sales', 'Dulangan', 27, '2020-02-19', '55000'),
(158, 'Joleen', 'Product Management', 'Osielec', 53, '2018-02-24', '65000'),
(159, 'Allyn', 'Product Management', 'Tlogosari', 47, '2019-01-10', '60000'),
(160, 'Dorie', 'Product Management', 'Macheng', 45, '2021-02-24', '45000'),
(161, 'Candis', 'Accounting', 'Baima', 41, '2016-01-12', '52000'),
(162, 'Guido', 'Engineering', 'Jõhvi', 44, '2019-10-28', '80000'),
(163, 'Adey', 'Business Development', 'Taikang', 40, '2016-02-02', '48000'),
(164, 'Normand', 'Marketing', 'Punākha', 53, '2017-07-18', '75000'),
(165, 'Emmaline', 'Business Development', 'Devin', 31, '2017-05-09', '70000'),
(166, 'Camey', 'Marketing', 'Decatur', 51, '2019-07-02', '80000'),
(167, 'Roma', 'Accounting', 'Nazareth', 51, '2018-05-25', '30000'),
(168, 'Finley', 'Support', 'Dama', 40, '2021-02-07', '45000'),
(169, 'Gaylord', 'Training', 'Roanoke', 49, '2019-03-26', '38000'),
(170, 'Pippy', 'Legal', 'Kingston', 35, '2016-04-07', '65000'),
(171, 'Jewel', 'Marketing', 'Baharly', 48, '2018-06-29', '35000'),
(172, 'Gretna', 'Sales', 'Mili', 33, '2018-08-17', '38000'),
(173, 'Curry', 'Marketing', 'Volkhov', 41, '2019-05-10', '40000'),
(174, 'Trixie', 'Services', 'Delson', 52, '2018-10-06', '48000'),
(175, 'Kennan', 'Engineering', 'Moutsamoudou', 30, '2016-12-13', '75000'),
(176, 'Terrie', 'Human Resources', 'Mina de São Domingos', 36, '2016-05-02', '54000'),
(177, 'Flory', 'Support', 'Sundsvall', 53, '2017-05-25', '25000'),
(178, 'Larisa', 'Engineering', 'Yayao', 33, '2016-08-30', '35000'),
(179, 'Simmonds', 'Engineering', 'Dijon', 26, '2016-02-04', '28000'),
(180, 'Sanford', 'Business Development', 'Novo Aripuanã', 53, '2016-07-21', '25000'),
(181, 'Annelise', 'Product Management', 'Tarutung', 49, '2020-10-21', '80000'),
(182, 'Jemie', 'Support', 'Huxingshan', 52, '2019-03-21', '52000'),
(183, 'Sileas', 'Research and Development', 'Dingbu', 30, '2017-02-15', '60000'),
(184, 'Gussie', 'Sales', 'Kolsh', 42, '2018-10-28', '52000'),
(185, 'Batsheva', 'Legal', 'Longzhou', 40, '2017-09-29', '38000'),
(186, 'Davida', 'Services', 'Menongue', 49, '2017-05-04', '65000'),
(187, 'Lurlene', 'Engineering', 'Kinatakutan', 36, '2018-10-16', '32000'),
(188, 'Schuyler', 'Accounting', 'Mingcheng', 46, '2016-03-22', '28000'),
(189, 'Alethea', 'Services', 'Zongzhai', 35, '2018-01-05', '28000'),
(190, 'Sandor', 'Research and Development', 'Néo Psychikó', 39, '2016-10-02', '80000'),
(191, 'Jewell', 'Marketing', 'Hohoe', 48, '2016-02-09', '70000'),
(192, 'Kilian', 'Business Development', 'Cerro de Pasco', 36, '2015-10-16', '25000'),
(193, 'Helsa', 'Research and Development', 'Nikol’skoye', 53, '2018-01-03', '62000'),
(194, 'Stevena', 'Legal', 'Las Vegas', 26, '2015-10-10', '62000'),
(195, 'Norton', 'Support', 'Mateur', 31, '2017-08-24', '54000'),
(196, 'Mattheus', 'Engineering', 'Banatski Dvor', 36, '2017-02-18', '50000'),
(197, 'Axel', 'Product Management', 'Šluknov', 54, '2020-04-26', '38000'),
(198, 'Mellisent', 'Legal', 'Babakankiray', 31, '2017-10-22', '55000'),
(199, 'Fleming', 'Human Resources', 'Xinzhu', 44, '2016-05-11', '54000'),
(200, 'Ester', 'Accounting', 'Uyen Hung', 38, '2019-05-03', '50000'),
(201, 'Abbott', 'Marketing', 'Qionghu', 52, '2018-03-20', '30000'),
(202, 'Shirline', 'Marketing', 'Watari', 48, '2016-07-02', '32000'),
(203, 'Hi', 'Accounting', 'Chatou', 39, '2017-11-17', '28000'),
(204, 'Revkah', 'Support', 'Xiaoweizhai', 35, '2019-11-17', '30000'),
(205, 'Bibi', 'Research and Development', 'Matatiele', 43, '2017-03-21', '40000'),
(206, 'Donal', 'Marketing', 'Jimaguayú', 47, '2021-04-03', '40000'),
(207, 'Anabella', 'Marketing', 'Ålesund', 46, '2017-11-18', '28000'),
(208, 'Nicole', 'Human Resources', 'Lyskovo', 48, '2017-11-24', '75000'),
(209, 'Pierce', 'Marketing', 'Midões', 50, '2016-06-03', '38000'),
(210, 'Marcello', 'Services', 'Liujia', 49, '2015-12-14', '54000'),
(211, 'Harwilll', 'Sales', 'Bogoria', 29, '2019-02-24', '65000'),
(212, 'Jorie', 'Marketing', 'Ivry-sur-Seine', 32, '2016-04-23', '32000'),
(213, 'Johna', 'Human Resources', 'Rancakuya', 37, '2020-04-02', '28000'),
(214, 'Melinde', 'Accounting', 'Vanino', 32, '2019-06-11', '50000'),
(215, 'Madge', 'Legal', 'Brisbane', 45, '2019-02-20', '32000'),
(216, 'Giorgi', 'Training', 'Trzcianka', 39, '2019-09-29', '65000'),
(217, 'Adora', 'Accounting', 'Pato Branco', 38, '2016-08-06', '50000'),
(218, 'Irma', 'Training', 'Kathmandu', 28, '2020-12-21', '40000'),
(219, 'Juliana', 'Engineering', 'Santo Domingo', 37, '2021-04-01', '50000'),
(220, 'Jada', 'Research and Development', 'Junshan', 32, '2017-07-12', '62000'),
(221, 'Anett', 'Human Resources', 'Jardoeira', 48, '2020-03-03', '65000'),
(222, 'Care', 'Support', 'Al Kiswah', 47, '2016-07-26', '70000'),
(223, 'Bibi', 'Legal', 'Johor Bahru', 41, '2020-06-10', '70000'),
(224, 'Dalis', 'Human Resources', 'Hankha', 50, '2021-02-20', '25000'),
(225, 'Aleen', 'Human Resources', 'Gaya', 39, '2018-09-04', '40000'),
(226, 'Ari', 'Engineering', 'Sidi Redouane', 25, '2020-05-12', '52000'),
(227, 'Chrysler', 'Product Management', 'Huangmei', 37, '2021-04-29', '30000'),
(228, 'Eddie', 'Training', 'Yuanguping', 28, '2018-01-09', '32000'),
(229, 'Lil', 'Human Resources', 'Benevides', 53, '2020-09-05', '30000'),
(230, 'Audry', 'Accounting', 'Pakisaji', 31, '2019-09-07', '28000'),
(231, 'Karney', 'Services', 'Fairbanks', 35, '2015-11-15', '38000'),
(232, 'Tudor', 'Product Management', 'Sartrouville', 29, '2016-09-15', '32000'),
(233, 'Rem', 'Services', 'Ruo', 29, '2020-05-09', '54000'),
(234, 'Aleen', 'Product Management', 'Artémida', 55, '2018-09-28', '75000'),
(235, 'Arni', 'Services', 'Long Beluah', 36, '2017-02-11', '28000'),
(236, 'Toby', 'Legal', 'Niafunké', 50, '2019-07-05', '80000'),
(237, 'Eleni', 'Support', 'Yonggu', 27, '2016-09-13', '60000'),
(238, 'Levey', 'Legal', 'Lazaro Cardenas', 37, '2016-03-20', '42000'),
(239, 'Reine', 'Marketing', 'Hammam-Lif', 55, '2018-01-29', '62000'),
(240, 'Richmound', 'Marketing', 'Buaran', 31, '2018-04-27', '35000'),
(241, 'Yoshi', 'Training', 'Cordon', 50, '2021-01-21', '35000'),
(242, 'Aguste', 'Accounting', 'Bhokadoke', 53, '2020-10-03', '55000'),
(243, 'Turner', 'Human Resources', 'Bamban', 33, '2017-01-21', '80000'),
(244, 'Horace', 'Engineering', 'Lyaskelya', 36, '2020-08-23', '32000'),
(245, 'Sylvester', 'Sales', 'Granada', 30, '2019-06-24', '42000'),
(246, 'Sherwynd', 'Support', 'Corredoura', 47, '2017-05-19', '45000'),
(247, 'Herbie', 'Training', 'Cabimas', 44, '2020-10-02', '50000'),
(248, 'Fraze', 'Engineering', 'Iradan', 45, '2019-09-08', '62000'),
(249, 'Yurik', 'Accounting', 'Rado', 31, '2016-01-16', '32000'),
(250, 'Efren', 'Research and Development', 'Dijon', 36, '2015-10-04', '54000'),
(251, 'Tillie', 'Business Development', 'Lawa-an', 49, '2019-08-15', '40000'),
(252, 'Lyndell', 'Engineering', 'Peruíbe', 42, '2019-10-10', '28000'),
(253, 'Harmonia', 'Support', 'Cikeper', 46, '2021-02-20', '25000'),
(254, 'Tamas', 'Human Resources', 'Parajara', 50, '2018-01-19', '60000'),
(255, 'Elissa', 'Marketing', 'Lingyuan', 39, '2017-08-29', '65000'),
(256, 'Linda', 'Product Management', 'Mojogajeh', 44, '2015-10-16', '32000'),
(257, 'Dorothea', 'Product Management', 'Talugtug', 37, '2019-05-26', '38000'),
(258, 'Belva', 'Research and Development', 'Guachetá', 37, '2021-05-16', '40000'),
(259, 'Alexandrina', 'Product Management', 'Małdyty', 41, '2020-11-07', '45000'),
(260, 'Egor', 'Services', 'Wonosari', 46, '2017-05-31', '50000'),
(261, 'Rutger', 'Research and Development', 'Malanay', 40, '2018-01-13', '65000'),
(262, 'Phineas', 'Engineering', 'Huangcun', 46, '2018-09-02', '80000'),
(263, 'Brande', 'Business Development', 'Kasulu', 51, '2017-10-06', '50000'),
(264, 'Laurene', 'Engineering', 'Münster', 49, '2017-09-05', '80000'),
(265, 'Chiquia', 'Engineering', 'Luzhai', 48, '2016-10-24', '45000'),
(266, 'Rosalia', 'Support', 'Karabudakhkent', 41, '2016-01-04', '62000'),
(267, 'Kirstyn', 'Research and Development', 'Warwick', 51, '2017-07-15', '40000'),
(268, 'Allen', 'Support', 'Jalapa', 34, '2019-10-20', '52000'),
(269, 'Zeb', 'Engineering', 'Hujiaying', 49, '2019-12-16', '35000'),
(270, 'Cacilie', 'Accounting', 'Béreldange', 49, '2017-03-18', '70000'),
(271, 'Berny', 'Sales', 'Taitung City', 28, '2020-06-26', '28000'),
(272, 'Doll', 'Sales', 'Tomteboda', 41, '2020-10-27', '62000'),
(273, 'Laurella', 'Marketing', 'Anguil', 46, '2018-02-03', '55000'),
(274, 'Stu', 'Research and Development', 'Tierp', 36, '2020-04-29', '50000'),
(275, 'Tine', 'Engineering', 'Séléa', 36, '2018-04-18', '70000'),
(276, 'Solly', 'Support', 'Donggang', 33, '2020-09-20', '60000'),
(277, 'Kerrin', 'Engineering', 'Tangxi', 53, '2016-02-22', '70000'),
(278, 'Mina', 'Engineering', 'Mentougou', 45, '2018-06-17', '48000'),
(279, 'Kermie', 'Business Development', 'Kasangulu', 36, '2021-01-24', '52000'),
(280, 'Jedediah', 'Sales', 'Shuqiao', 36, '2019-03-16', '55000'),
(281, 'Fleurette', 'Engineering', 'Voskop', 35, '2018-07-24', '38000'),
(282, 'Meryl', 'Product Management', 'Dhidhdhoo', 47, '2018-10-22', '25000'),
(283, 'Frieda', 'Marketing', 'Caomiao', 46, '2016-08-12', '38000'),
(284, 'Bartie', 'Product Management', 'Moss', 40, '2016-01-11', '60000'),
(285, 'Millicent', 'Product Management', 'Kwakoa', 49, '2020-07-28', '65000'),
(286, 'Eberto', 'Sales', 'Shaping', 34, '2017-01-18', '38000'),
(287, 'Clare', 'Engineering', 'General Lavalle', 45, '2016-07-18', '70000'),
(288, 'Happy', 'Human Resources', 'Bjärred', 54, '2018-04-05', '54000'),
(289, 'Benn', 'Human Resources', 'Zarya', 40, '2016-03-25', '65000'),
(290, 'Isabelle', 'Engineering', 'Sakchu-ŭp', 38, '2018-07-29', '54000'),
(291, 'Bernhard', 'Sales', 'Malec', 36, '2018-02-26', '35000'),
(292, 'Tallulah', 'Training', 'Luboń', 47, '2017-04-25', '45000'),
(293, 'Sutton', 'Engineering', 'Dayr Abū Ḑa‘īf', 36, '2020-09-12', '45000'),
(294, 'April', 'Marketing', 'Moutsamoudou', 49, '2019-07-29', '80000'),
(295, 'Lorne', 'Legal', 'Tuguanpu', 49, '2020-02-27', '70000'),
(296, 'Dylan', 'Training', 'Mirzāpur', 52, '2017-10-07', '80000'),
(297, 'Brandais', 'Legal', 'Piteå', 38, '2019-03-11', '60000'),
(298, 'Giuditta', 'Marketing', 'San Felipe', 47, '2021-03-19', '38000'),
(299, 'Fawne', 'Accounting', 'Lincha', 30, '2017-04-08', '65000'),
(300, 'Lambert', 'Services', 'Siwalan', 38, '2020-08-31', '38000'),
(301, 'Pippo', 'Legal', 'Olszyna', 52, '2018-07-29', '48000'),
(302, 'Serge', 'Sales', 'Hostěradice', 49, '2020-03-09', '54000'),
(303, 'Donnamarie', 'Services', 'Sobang', 25, '2020-11-26', '45000'),
(304, 'Kimberlee', 'Sales', 'Katyr-Yurt', 39, '2019-12-24', '28000'),
(305, 'Issy', 'Engineering', 'Johor Bahru', 54, '2021-03-05', '35000'),
(306, 'Hollis', 'Product Management', 'Woippy', 26, '2021-04-10', '54000'),
(307, 'Boniface', 'Sales', 'Macheng', 35, '2016-02-26', '32000'),
(308, 'Eachelle', 'Support', 'Mustvee', 37, '2017-11-02', '75000'),
(309, 'Yorker', 'Services', 'Markópoulo Oropoú', 54, '2018-06-15', '80000'),
(310, 'Jackquelin', 'Legal', 'Orvalho', 46, '2020-05-23', '75000'),
(311, 'Alisa', 'Training', 'Suchy Dąb', 33, '2020-01-06', '55000'),
(312, 'Roxane', 'Training', 'Selkirk', 50, '2017-02-26', '32000'),
(313, 'Adora', 'Engineering', 'Staropavlovskaya', 28, '2019-03-16', '42000'),
(314, 'Far', 'Training', 'Lufang', 48, '2018-03-24', '70000'),
(315, 'Rina', 'Marketing', 'Mancos', 34, '2016-01-22', '65000'),
(316, 'Rebekah', 'Product Management', 'Wulan', 39, '2019-08-12', '32000'),
(317, 'Jehanna', 'Accounting', 'Baliuag', 31, '2020-04-29', '42000'),
(318, 'Skylar', 'Marketing', 'Natonin', 35, '2016-10-17', '52000'),
(319, 'Staffard', 'Legal', 'Daeosin Satu', 50, '2018-08-27', '45000'),
(320, 'Currey', 'Human Resources', 'Pemex', 39, '2016-08-27', '48000'),
(321, 'Calypso', 'Engineering', 'Chichaoua', 53, '2016-03-20', '48000'),
(322, 'Christiana', 'Accounting', 'Jaunpils', 33, '2020-06-20', '75000'),
(323, 'Belia', 'Engineering', 'Eaton', 45, '2016-10-16', '55000'),
(324, 'Thor', 'Engineering', 'Benešov nad Ploučnicí', 55, '2018-06-15', '45000'),
(325, 'Alexine', 'Sales', 'Ugac Sur', 55, '2019-11-12', '28000'),
(326, 'Patrica', 'Product Management', 'Canoinhas', 33, '2020-09-21', '55000'),
(327, 'Tallia', 'Marketing', 'Nangka', 52, '2017-04-18', '75000'),
(328, 'Phillipe', 'Services', 'Seda', 30, '2020-04-07', '75000'),
(329, 'Lanni', 'Engineering', 'Pamarayan', 40, '2017-06-04', '30000'),
(330, 'Katerina', 'Engineering', 'Cayur', 29, '2018-11-20', '38000'),
(331, 'Yorgos', 'Research and Development', 'San Antonio', 49, '2017-10-16', '55000'),
(332, 'Javier', 'Training', 'Huanshan', 32, '2019-05-10', '28000'),
(333, 'Patti', 'Engineering', 'Cijangkar', 32, '2019-07-30', '60000'),
(334, 'Torrie', 'Engineering', 'Cijoho', 38, '2016-09-06', '62000'),
(335, 'Cristina', 'Engineering', 'Espera Feliz', 45, '2020-08-23', '40000'),
(336, 'Maude', 'Legal', 'Ludbreg', 27, '2017-07-12', '40000'),
(337, 'Aurel', 'Engineering', 'Darkton', 48, '2016-10-06', '25000'),
(338, 'Orazio', 'Marketing', 'Baabda', 37, '2018-03-26', '35000'),
(339, 'Con', 'Marketing', 'Smolyan', 55, '2016-12-05', '52000'),
(340, 'Dody', 'Marketing', 'Ferrol', 40, '2020-12-06', '65000'),
(341, 'Lazarus', 'Business Development', 'Cantagallo', 33, '2020-03-29', '55000'),
(342, 'Barnabe', 'Research and Development', 'Plewiska', 43, '2016-10-10', '38000'),
(343, 'Inna', 'Research and Development', 'Guantou', 29, '2017-06-24', '32000'),
(344, 'Omar', 'Sales', 'Margara', 29, '2016-08-10', '32000'),
(345, 'Meredith', 'Legal', 'Bayasgalant', 43, '2017-04-26', '35000'),
(346, 'Dominic', 'Product Management', 'Phayakkhaphum Phisai', 46, '2020-02-29', '80000'),
(347, 'Ivie', 'Engineering', 'Si Racha', 32, '2020-08-19', '65000'),
(348, 'Graeme', 'Legal', 'Xichang', 27, '2018-05-31', '60000'),
(349, 'Arlan', 'Marketing', 'Lelekovice', 28, '2018-01-25', '30000'),
(350, 'Kalindi', 'Accounting', 'Malichang', 34, '2020-08-29', '28000'),
(351, 'Dayle', 'Accounting', 'Pasauran', 53, '2017-06-11', '48000'),
(352, 'Candice', 'Product Management', 'Ayabaca', 52, '2020-12-23', '45000'),
(353, 'Petronella', 'Business Development', 'Quintã', 55, '2018-07-12', '80000'),
(354, 'Gibb', 'Legal', 'Huata', 25, '2019-09-22', '52000'),
(355, 'Ed', 'Services', 'Setaka', 31, '2018-09-02', '35000'),
(356, 'Herve', 'Business Development', 'Raszczyce', 45, '2018-03-02', '80000'),
(357, 'Benni', 'Product Management', 'Kebonkaret', 47, '2019-07-08', '25000'),
(358, 'Mickie', 'Services', 'Kubangkondang', 53, '2018-03-06', '80000'),
(359, 'Darice', 'Training', 'Seixo de Manhoses', 31, '2019-02-10', '30000'),
(360, 'Oberon', 'Sales', 'Lófos', 36, '2019-05-30', '65000'),
(361, 'Wakefield', 'Training', 'Balas', 31, '2020-03-13', '35000'),
(362, 'Byron', 'Human Resources', 'Oesain', 37, '2019-10-12', '70000'),
(363, 'Florence', 'Services', 'Iperó', 52, '2017-07-28', '42000'),
(364, 'Lindsay', 'Marketing', 'Okpoma', 48, '2017-03-02', '42000'),
(365, 'Haleigh', 'Marketing', 'Stockholm', 43, '2016-01-26', '38000'),
(366, 'Zacharias', 'Training', 'Jiangwang', 31, '2016-07-02', '28000'),
(367, 'Asher', 'Human Resources', 'Panórama', 36, '2018-06-29', '25000'),
(368, 'Devora', 'Legal', 'Camachile', 45, '2020-01-20', '70000'),
(369, 'Byron', 'Training', 'Nowogard', 40, '2019-08-24', '55000'),
(370, 'Eloise', 'Support', 'Baturinggit Kaja', 32, '2017-03-10', '40000'),
(371, 'Langsdon', 'Product Management', 'Awsīm', 49, '2016-12-07', '62000'),
(372, 'Issie', 'Research and Development', 'Takedamachi', 53, '2019-05-31', '48000'),
(373, 'Clare', 'Marketing', 'Licheng', 26, '2021-03-09', '80000'),
(374, 'Carlen', 'Sales', 'Palmeira das Missões', 47, '2019-04-05', '38000'),
(375, 'Tandi', 'Legal', 'Lututów', 38, '2018-10-14', '45000'),
(376, 'Sena', 'Sales', 'Hadabei', 47, '2016-04-02', '50000'),
(377, 'Randolf', 'Support', 'Jam', 31, '2020-04-01', '25000'),
(378, 'Jerri', 'Sales', 'Hamilton', 47, '2020-07-01', '45000'),
(379, 'Augustine', 'Product Management', 'Castlerea', 55, '2019-09-22', '52000'),
(380, 'Petronia', 'Engineering', 'Otoka', 28, '2017-03-12', '38000'),
(381, 'Wallie', 'Human Resources', 'Chingas', 55, '2019-05-21', '50000'),
(382, 'Lovell', 'Training', 'Zawiya', 26, '2018-07-25', '55000'),
(383, 'My', 'Training', 'Zherdevka', 40, '2016-07-27', '30000'),
(384, 'Felipe', 'Engineering', 'Iḩsim', 49, '2021-01-04', '80000'),
(385, 'Linnea', 'Product Management', 'Néa Flogitá', 34, '2016-12-24', '52000'),
(386, 'Fannie', 'Services', 'Cimişlia', 52, '2019-05-27', '70000'),
(387, 'Bartlett', 'Business Development', 'Jaguimitan', 32, '2017-04-06', '50000'),
(388, 'Michel', 'Accounting', 'Kenamoen', 47, '2017-07-31', '65000'),
(389, 'Cora', 'Legal', 'Tougan', 29, '2017-03-04', '38000'),
(390, 'Tania', 'Business Development', 'Barra Velha', 49, '2020-05-09', '50000'),
(391, 'Si', 'Business Development', 'Stara Kornica', 31, '2015-10-29', '32000'),
(392, 'Gipsy', 'Training', 'Akzhal', 39, '2017-11-13', '35000'),
(393, 'Domenic', 'Engineering', 'Laguna Paiva', 48, '2017-08-03', '75000'),
(394, 'Naomi', 'Training', 'Nerópolis', 43, '2020-07-23', '25000'),
(395, 'Adriaens', 'Research and Development', 'Sernovodsk', 33, '2018-06-24', '38000'),
(396, 'Gabrielle', 'Support', 'Żurowa', 42, '2019-04-13', '25000'),
(397, 'Loren', 'Research and Development', 'Agrela', 37, '2021-03-25', '55000'),
(398, 'Jilleen', 'Training', 'Luopu', 52, '2016-12-24', '65000'),
(399, 'Nathalia', 'Support', 'Tangguhang', 42, '2017-07-15', '35000'),
(400, 'Lynsey', 'Support', 'Höshigiyn-Ar', 39, '2017-10-22', '50000'),
(401, 'Flossie', 'Research and Development', 'Tiblawan', 45, '2017-01-22', '52000'),
(402, 'Devland', 'Legal', 'Troparëvo', 47, '2019-12-27', '70000'),
(403, 'Genny', 'Product Management', 'Qinghe', 54, '2016-05-13', '32000'),
(404, 'Carola', 'Human Resources', 'Sharīfābād', 31, '2018-03-12', '28000'),
(405, 'Kristyn', 'Human Resources', 'Sovetskiy', 32, '2019-05-16', '60000'),
(406, 'Micki', 'Support', 'Basa', 54, '2018-08-09', '45000'),
(407, 'Wallache', 'Business Development', 'Fifi', 27, '2020-07-12', '38000'),
(408, 'Christie', 'Legal', 'Poshekhon’ye', 35, '2020-07-19', '65000'),
(409, 'Marcile', 'Research and Development', 'Melekeok Village', 42, '2018-01-16', '42000'),
(410, 'Trent', 'Research and Development', 'Shāhpur Chākar', 35, '2019-09-09', '48000'),
(411, 'Gordan', 'Sales', 'Changchuan', 51, '2019-06-01', '52000'),
(412, 'Barron', 'Support', 'Seoam', 42, '2017-08-28', '35000'),
(413, 'Luciano', 'Legal', 'Tabon', 49, '2015-10-08', '35000'),
(414, 'Chicky', 'Sales', 'Bogovinje', 32, '2018-07-17', '62000'),
(415, 'Benjy', 'Accounting', 'Tubualá', 36, '2016-03-27', '42000'),
(416, 'Robert', 'Training', 'Falun', 37, '2019-10-05', '75000'),
(417, 'Annetta', 'Sales', 'Lumil', 36, '2019-10-08', '25000'),
(418, 'Meredith', 'Services', 'Sarandi', 43, '2020-12-01', '60000'),
(419, 'Ingunna', 'Product Management', 'Las Matas de Santa Cruz', 44, '2016-05-20', '35000'),
(420, 'Guillemette', 'Training', 'Prosperidad', 51, '2018-11-14', '48000'),
(421, 'Gardner', 'Sales', 'Cikuda', 29, '2017-07-10', '38000'),
(422, 'Marcelle', 'Training', 'Uliastay', 50, '2017-07-27', '42000'),
(423, 'Merl', 'Support', 'Baru', 31, '2016-09-08', '38000'),
(424, 'Swen', 'Human Resources', 'Berezniki', 35, '2020-01-01', '30000'),
(425, 'Tamqrah', 'Training', 'Tamano', 38, '2016-12-16', '55000'),
(426, 'Roanna', 'Engineering', 'Balucawi', 25, '2017-01-02', '32000'),
(427, 'Arlie', 'Engineering', 'Bangonay', 33, '2017-06-02', '42000'),
(428, 'Raul', 'Research and Development', 'Saint Petersburg', 29, '2021-01-21', '70000'),
(429, 'Corena', 'Human Resources', 'Mabilang', 32, '2020-02-15', '45000'),
(430, 'Cherish', 'Research and Development', 'Tampa', 49, '2018-07-17', '54000'),
(431, 'Alanson', 'Product Management', 'Chosica', 49, '2018-12-21', '70000'),
(432, 'Kristy', 'Legal', 'Bené Beraq', 45, '2016-07-16', '35000'),
(433, 'Tripp', 'Product Management', 'Wilczyce', 25, '2018-05-24', '48000'),
(434, 'Tracie', 'Legal', 'Belozërsk', 49, '2017-05-26', '60000'),
(435, 'Merrilee', 'Support', 'Xinhe', 52, '2018-04-11', '52000'),
(436, 'Kerri', 'Support', 'North Little Rock', 54, '2016-10-16', '30000'),
(437, 'Leoline', 'Research and Development', 'Luzhany', 51, '2019-03-01', '40000'),
(438, 'Chase', 'Product Management', 'Maple Plain', 31, '2020-11-16', '48000'),
(439, 'Anitra', 'Services', 'Bulan', 43, '2018-09-20', '75000'),
(440, 'Romain', 'Research and Development', 'Ejigbo', 41, '2016-05-15', '80000'),
(441, 'Riki', 'Legal', 'Melun', 50, '2017-07-04', '35000'),
(442, 'Elaine', 'Product Management', 'Rancabolang', 52, '2020-09-26', '75000'),
(443, 'Cristine', 'Research and Development', 'Lazaro Cardenas', 48, '2017-03-01', '70000'),
(444, 'Dayna', 'Sales', 'Yoichi', 46, '2019-12-08', '42000'),
(445, 'Blake', 'Human Resources', 'Mboursou Léré', 54, '2016-09-24', '30000'),
(446, 'Danny', 'Product Management', 'Jielin', 55, '2017-10-11', '30000'),
(447, 'Cathrine', 'Training', 'Murça', 52, '2016-05-10', '35000'),
(448, 'Doloritas', 'Accounting', 'Palykavichy Pyershyya', 31, '2016-09-22', '35000'),
(449, 'Griswold', 'Training', 'Thành Phố Nam Định', 38, '2020-04-23', '75000'),
(450, 'Hazlett', 'Support', 'Kolchikón', 54, '2017-08-13', '32000'),
(451, 'Omero', 'Engineering', 'Gwangju', 46, '2017-10-16', '28000'),
(452, 'Ginnie', 'Business Development', 'Şirrīn ash Shamālīyah', 25, '2018-09-14', '42000'),
(453, 'Delphine', 'Research and Development', 'Pagatan', 37, '2018-06-05', '40000'),
(454, 'Genevra', 'Training', 'Lenakapa', 46, '2020-07-20', '25000'),
(455, 'Bradford', 'Product Management', 'Russkiy', 31, '2020-11-08', '65000'),
(456, 'Valry', 'Marketing', 'Las Breñas', 49, '2020-06-02', '30000'),
(457, 'Gilbert', 'Engineering', 'Shuyuan Zhen', 51, '2018-01-23', '65000'),
(458, 'Berthe', 'Services', 'Florestópolis', 39, '2019-09-04', '75000'),
(459, 'Lesley', 'Support', 'Böhöt', 34, '2016-12-28', '35000'),
(460, 'Orv', 'Sales', 'Staryy Krym', 25, '2019-10-06', '40000'),
(461, 'Kaspar', 'Human Resources', 'North Perth', 46, '2018-06-14', '80000'),
(462, 'Vaclav', 'Engineering', 'Macun', 54, '2018-07-08', '42000'),
(463, 'Jilleen', 'Training', 'Wola Filipowska', 52, '2016-06-13', '52000'),
(464, 'Meg', 'Support', 'Lavandeira', 55, '2018-06-20', '62000'),
(465, 'Amory', 'Support', 'Udënisht', 39, '2017-09-22', '48000'),
(466, 'Carmel', 'Product Management', 'Wingham', 50, '2020-04-25', '25000'),
(467, 'Darius', 'Engineering', 'Caibiran', 39, '2021-04-23', '55000'),
(468, 'Clarabelle', 'Business Development', 'Jezzîne', 36, '2018-06-07', '62000'),
(469, 'Torrey', 'Support', 'Conchagua', 34, '2017-01-24', '28000'),
(470, 'Lilias', 'Product Management', 'Khotiv', 32, '2015-12-31', '80000'),
(471, 'Maurizia', 'Business Development', 'Charlottetown', 29, '2017-10-19', '60000'),
(472, 'Gwenny', 'Business Development', 'Salor', 37, '2015-12-27', '28000'),
(473, 'Kaitlin', 'Services', 'Lavradio', 29, '2020-11-18', '55000'),
(474, 'Cinderella', 'Business Development', 'Wuqu', 48, '2017-12-04', '65000'),
(475, 'Babbette', 'Product Management', 'Tabio', 43, '2020-12-12', '55000'),
(476, 'Ahmed', 'Engineering', 'Huangsangkou', 45, '2017-08-21', '32000'),
(477, 'Lonnie', 'Accounting', 'Batiovo', 41, '2021-01-30', '70000'),
(478, 'Eudora', 'Training', 'Haveli', 36, '2017-09-01', '32000'),
(479, 'Valentine', 'Sales', 'Modderfontein', 25, '2018-08-08', '32000'),
(480, 'Claudina', 'Marketing', 'Matahuasi', 33, '2021-05-12', '52000'),
(481, 'Burke', 'Legal', 'Columbus', 41, '2019-07-29', '65000'),
(482, 'Kristine', 'Research and Development', 'Confey', 46, '2019-11-08', '32000'),
(483, 'Robina', 'Services', 'Antwerpen', 37, '2019-06-24', '45000'),
(484, 'Angelica', 'Research and Development', 'Gunung Sugih', 42, '2020-02-18', '48000'),
(485, 'Rudiger', 'Human Resources', 'Tam Bình', 30, '2017-07-15', '32000'),
(486, 'Celinda', 'Services', 'Siso', 35, '2018-06-06', '32000'),
(487, 'Nara', 'Legal', 'Dongling', 35, '2015-12-26', '40000'),
(488, 'Oswell', 'Human Resources', 'Hanjianglu', 33, '2016-03-07', '35000'),
(489, 'Ingrid', 'Services', 'Lidingö', 37, '2019-11-06', '30000'),
(490, 'Lillis', 'Human Resources', 'Satis', 47, '2016-01-30', '62000'),
(491, 'Angy', 'Product Management', 'Liuhe', 42, '2018-11-06', '60000'),
(492, 'Franklin', 'Product Management', 'Aqsay', 55, '2018-10-21', '35000'),
(493, 'Farrel', 'Human Resources', 'Pittsburgh', 36, '2021-01-31', '25000'),
(494, 'Lanette', 'Human Resources', 'Huze', 37, '2020-11-08', '80000'),
(495, 'Stephan', 'Support', 'Hobart', 33, '2017-03-23', '35000'),
(496, 'Phip', 'Accounting', 'Shisandaogou', 33, '2021-02-15', '70000'),
(497, 'Catharina', 'Legal', 'Samayac', 49, '2019-02-14', '40000'),
(498, 'Torrie', 'Legal', 'Reno', 26, '2016-07-14', '62000'),
(499, 'Bordie', 'Human Resources', 'Coquitlam', 27, '2017-08-26', '38000'),
(500, 'Rianon', 'Human Resources', 'Buur Gaabo', 31, '2017-08-31', '48000'),
(501, 'Christiana', 'Engineering', 'Koani Ndogo', 44, '2017-08-30', '30000'),
(502, 'Bernadine', 'Training', 'Sainte-Anne-de-Bellevue', 29, '2015-10-17', '30000'),
(503, 'Marietta', 'Marketing', 'Xiapu', 28, '2021-02-09', '35000'),
(504, 'Victoir', 'Support', 'Eg', 36, '2021-02-20', '70000'),
(505, 'Camile', 'Business Development', 'Villeneuve-d\'Ascq', 27, '2019-02-14', '54000'),
(506, 'Mallissa', 'Research and Development', 'Bilicenii Vechi', 44, '2016-05-29', '42000'),
(507, 'Ruthy', 'Marketing', 'Chābahār', 55, '2017-01-05', '70000'),
(508, 'Agnella', 'Human Resources', 'Rivadavia', 48, '2017-07-16', '65000'),
(509, 'Rockie', 'Research and Development', 'Unden', 43, '2020-09-06', '54000'),
(510, 'Leilah', 'Accounting', 'Stulovo', 42, '2021-04-26', '65000'),
(511, 'Johanna', 'Research and Development', 'Antalaha', 34, '2020-11-06', '48000'),
(512, 'Cleveland', 'Engineering', 'Béziers', 55, '2019-03-28', '42000'),
(513, 'Bertrando', 'Product Management', 'Glinka', 29, '2020-05-23', '80000'),
(514, 'Corella', 'Legal', 'Sanhe', 31, '2019-09-28', '35000'),
(515, 'Eben', 'Sales', 'San Diego', 55, '2020-10-19', '60000'),
(516, 'Weider', 'Marketing', 'Kalisabuk', 48, '2019-05-08', '60000'),
(517, 'Matthew', 'Training', 'Zengguang', 35, '2020-12-29', '50000'),
(518, 'Dinny', 'Engineering', 'Saskylakh', 36, '2015-12-02', '38000'),
(519, 'Konrad', 'Accounting', 'Los Fresnos', 37, '2018-03-22', '65000'),
(520, 'Mathilde', 'Sales', 'Hexia', 30, '2020-07-21', '65000'),
(521, 'Vinni', 'Sales', 'Soavinandriana', 35, '2020-12-08', '62000'),
(522, 'Willem', 'Marketing', 'Iwanai', 30, '2021-04-26', '40000'),
(523, 'Elayne', 'Services', 'Gōdo', 44, '2017-04-09', '65000'),
(524, 'Dion', 'Sales', 'Shiren', 25, '2018-03-11', '62000'),
(525, 'Sybil', 'Support', 'Padurung', 35, '2017-06-30', '55000'),
(526, 'Melisse', 'Services', 'Opatov', 47, '2021-01-29', '48000'),
(527, 'Quintana', 'Human Resources', 'Baltimore', 35, '2019-12-02', '54000'),
(528, 'Ruthy', 'Business Development', 'Shangde', 29, '2019-11-15', '30000'),
(529, 'Charmion', 'Research and Development', 'Liugong', 45, '2017-05-04', '32000'),
(530, 'Nissie', 'Research and Development', 'Shuanglu', 41, '2019-09-22', '35000'),
(531, 'Rennie', 'Research and Development', 'Carot', 30, '2017-07-12', '62000'),
(532, 'Codi', 'Engineering', 'Bacelo', 34, '2015-12-01', '28000'),
(533, 'Si', 'Marketing', 'Kimje', 40, '2017-06-02', '25000'),
(534, 'Corney', 'Product Management', 'Arroio do Meio', 43, '2017-01-23', '38000'),
(535, 'Tallou', 'Human Resources', 'Javānrūd', 41, '2018-12-26', '28000'),
(536, 'Osbourne', 'Services', 'Jinling', 47, '2021-03-15', '65000'),
(537, 'Edin', 'Engineering', 'North Cowichan', 39, '2017-06-05', '30000'),
(538, 'Marita', 'Research and Development', 'Qandala', 51, '2018-08-28', '54000'),
(539, 'Seth', 'Research and Development', 'Gornji Petrovci', 50, '2016-01-15', '38000'),
(540, 'Megan', 'Business Development', 'Prómachoi', 44, '2016-09-14', '60000'),
(541, 'Bobbye', 'Training', 'Francisco I Madero', 38, '2018-01-16', '40000'),
(542, 'Verney', 'Sales', 'Tours', 40, '2018-03-09', '70000'),
(543, 'Marilee', 'Support', 'Cova da Iria', 50, '2018-12-21', '32000'),
(544, 'Fabien', 'Marketing', 'Hanfeng', 34, '2021-03-25', '25000'),
(545, 'Lorain', 'Services', 'Itigi', 38, '2017-11-07', '52000'),
(546, 'Gretta', 'Product Management', 'Kalimeneng', 41, '2019-05-29', '60000'),
(547, 'Anjela', 'Support', 'Sandakan', 51, '2018-03-16', '80000'),
(548, 'Alisun', 'Legal', 'Vacha', 33, '2020-11-18', '42000'),
(549, 'Phillipe', 'Engineering', 'Sollefteå', 29, '2020-06-24', '80000'),
(550, 'Franciska', 'Support', 'Sumbergayam', 32, '2020-11-08', '65000'),
(551, 'Diannne', 'Product Management', 'Kowala', 25, '2019-07-30', '70000'),
(552, 'Blithe', 'Accounting', 'Teeli', 41, '2019-06-01', '30000'),
(553, 'Rustin', 'Business Development', 'Lephalale', 40, '2020-02-28', '32000'),
(554, 'Marni', 'Sales', 'Shimotoda', 54, '2021-04-06', '42000'),
(555, 'Layney', 'Human Resources', 'Lamak', 51, '2021-01-08', '45000'),
(556, 'Ariel', 'Training', 'Ngrejo', 42, '2018-03-22', '62000'),
(557, 'Denis', 'Training', 'Vistino', 28, '2021-05-06', '42000'),
(558, 'Bunni', 'Legal', 'Pallisa', 49, '2015-12-18', '42000'),
(559, 'Marcello', 'Legal', 'El Estor', 44, '2020-06-13', '75000'),
(560, 'Perren', 'Training', 'Vologda', 41, '2019-04-26', '48000'),
(561, 'Robers', 'Support', 'Penaraga', 31, '2017-04-20', '25000'),
(562, 'Berkley', 'Engineering', 'Seattle', 35, '2017-07-29', '45000'),
(563, 'Jarrett', 'Product Management', 'Bacolod', 50, '2019-05-31', '38000'),
(564, 'Jasmina', 'Marketing', 'Ouidah', 44, '2021-03-27', '42000'),
(565, 'Tobye', 'Engineering', 'Krasnoyarka', 38, '2017-01-05', '45000'),
(566, 'Joella', 'Marketing', 'Karonga', 42, '2020-09-23', '38000'),
(567, 'Nobie', 'Services', 'Caminauit', 30, '2017-01-08', '65000'),
(568, 'Lorin', 'Support', 'Dosso', 52, '2019-08-31', '50000'),
(569, 'Elton', 'Support', 'Camatindi', 51, '2019-01-24', '65000'),
(570, 'Fransisco', 'Human Resources', 'Yaodu', 45, '2017-03-09', '62000'),
(571, 'Rocky', 'Engineering', 'Manamrag', 48, '2021-05-03', '65000'),
(572, 'Aloin', 'Business Development', 'Ḩalabjah', 38, '2019-07-05', '38000'),
(573, 'Cosmo', 'Product Management', 'Runting', 35, '2019-03-15', '40000'),
(574, 'Aloysius', 'Accounting', 'Tianxin', 38, '2019-03-06', '38000'),
(575, 'Robenia', 'Product Management', 'Sekongkang Bawah', 41, '2019-11-27', '60000'),
(576, 'Bengt', 'Engineering', 'Yushan', 55, '2016-12-02', '54000'),
(577, 'Allister', 'Business Development', 'Dongji', 36, '2017-08-05', '28000'),
(578, 'Dre', 'Sales', 'Baganhilir', 32, '2020-11-02', '32000'),
(579, 'Stefano', 'Research and Development', 'Liang', 38, '2016-11-26', '54000'),
(580, 'Winston', 'Human Resources', 'Dongshentou', 53, '2016-05-02', '55000'),
(581, 'Neddy', 'Accounting', 'Baiyang', 45, '2020-01-02', '48000'),
(582, 'Nicolai', 'Product Management', 'Al Başrah', 31, '2018-05-29', '32000'),
(583, 'Cecily', 'Research and Development', 'Songhae', 27, '2015-12-01', '45000'),
(584, 'Nicola', 'Engineering', 'Guansheng', 34, '2020-03-14', '52000'),
(585, 'Edithe', 'Services', 'Kalávryta', 28, '2016-10-20', '25000'),
(586, 'Benji', 'Support', 'San José de Mayo', 32, '2018-02-24', '75000'),
(587, 'Nicolais', 'Support', 'Pinagsibaan', 36, '2020-03-25', '28000'),
(588, 'Ricky', 'Services', 'Xinfeng', 43, '2016-07-23', '48000'),
(589, 'Ambrose', 'Training', 'Litein', 38, '2015-10-20', '54000'),
(590, 'Nolan', 'Research and Development', 'Ichinohe', 26, '2016-10-22', '28000'),
(591, 'Jess', 'Accounting', 'Cujillo', 35, '2017-04-27', '65000'),
(592, 'Adelina', 'Legal', 'Mbumi', 55, '2018-07-14', '52000'),
(593, 'Guthry', 'Marketing', 'Jatirejo', 25, '2020-04-15', '65000'),
(594, 'Gayelord', 'Training', 'Lipnica', 25, '2020-08-25', '62000'),
(595, 'Candace', 'Research and Development', 'Tangkil', 31, '2020-09-17', '32000'),
(596, 'Shana', 'Accounting', 'Samanggen', 36, '2020-10-19', '48000'),
(597, 'Storm', 'Engineering', 'Rano', 25, '2018-06-05', '55000'),
(598, 'Shannah', 'Accounting', 'Benzilan', 29, '2019-06-07', '42000'),
(599, 'Orland', 'Product Management', 'Pulosari', 28, '2015-12-15', '42000'),
(600, 'Lynnelle', 'Marketing', 'Nairobi', 44, '2015-10-20', '28000'),
(601, 'Etan', 'Support', 'Ratnapura', 55, '2018-05-03', '28000'),
(602, 'Vicky', 'Engineering', 'Fayaoué', 29, '2017-12-25', '45000'),
(603, 'Rose', 'Sales', 'Hendala', 28, '2020-09-10', '65000'),
(604, 'Darcy', 'Services', 'Sumbergayam', 52, '2018-08-28', '70000'),
(605, 'Guinevere', 'Sales', 'Best', 37, '2017-07-18', '32000'),
(606, 'Cece', 'Product Management', 'Rio Real', 45, '2016-01-02', '65000'),
(607, 'Louisette', 'Accounting', 'Zakroczym', 40, '2020-06-20', '62000'),
(608, 'Rice', 'Product Management', 'Guruafin', 31, '2018-08-02', '45000'),
(609, 'Kinny', 'Accounting', 'Palumbungan', 25, '2016-06-08', '40000'),
(610, 'Walker', 'Product Management', 'Porsgrunn', 34, '2016-03-08', '65000'),
(611, 'Lock', 'Training', 'Envira', 49, '2015-10-22', '28000'),
(612, 'Myles', 'Legal', 'Pogorzyce', 50, '2017-02-19', '50000'),
(613, 'Doralynne', 'Support', 'Mendeleyevo', 26, '2020-12-19', '45000'),
(614, 'Joli', 'Accounting', 'Omaruru', 33, '2017-10-18', '38000'),
(615, 'Maybelle', 'Services', 'Dami', 26, '2016-12-03', '55000'),
(616, 'Hall', 'Services', 'Delicias', 35, '2019-10-20', '54000'),
(617, 'Terra', 'Sales', 'Butou', 35, '2017-01-15', '80000'),
(618, 'Beau', 'Business Development', 'Oliveira', 33, '2020-09-25', '50000'),
(619, 'Adrienne', 'Product Management', 'Słotowa', 31, '2019-01-12', '62000'),
(620, 'Sadie', 'Research and Development', 'Radocza', 54, '2018-05-26', '25000'),
(621, 'Alla', 'Human Resources', 'Santander', 46, '2017-03-12', '52000'),
(622, 'Christa', 'Business Development', 'Cikole', 52, '2018-10-09', '80000'),
(623, 'Obie', 'Accounting', 'Krajan Atas Suger Lor', 46, '2020-08-01', '62000'),
(624, 'Bobbie', 'Sales', 'Tamanar', 32, '2018-09-08', '38000'),
(625, 'Miriam', 'Support', 'Pataha', 34, '2019-11-16', '42000'),
(626, 'Tiena', 'Business Development', 'Mazańcowice', 33, '2020-05-11', '35000'),
(627, 'Gaultiero', 'Human Resources', 'La Esperanza', 31, '2019-06-10', '60000'),
(628, 'Giusto', 'Engineering', 'Helsingborg', 46, '2017-07-09', '38000'),
(629, 'Martie', 'Business Development', 'Tuchoměřice', 50, '2016-06-02', '40000'),
(630, 'Raphaela', 'Research and Development', 'Kuleqi', 50, '2016-12-16', '75000'),
(631, 'Stearn', 'Sales', 'Basey', 46, '2020-06-17', '75000'),
(632, 'Henka', 'Sales', 'Kandy', 31, '2016-11-06', '25000'),
(633, 'Ashby', 'Engineering', 'Busia', 39, '2018-04-24', '55000'),
(634, 'Sarah', 'Business Development', 'Kampungraja', 42, '2021-02-22', '42000'),
(635, 'Tammie', 'Human Resources', 'Banjar Dharmasemedi', 54, '2018-07-23', '25000'),
(636, 'Bee', 'Marketing', 'Byumba', 48, '2019-05-18', '42000'),
(637, 'Armando', 'Support', 'Buliwao', 30, '2019-09-11', '54000'),
(638, 'Thomasin', 'Support', 'Kharabali', 30, '2018-01-21', '48000'),
(639, 'Winnifred', 'Support', 'Ban Ko Lan', 25, '2016-03-01', '60000'),
(640, 'Josee', 'Marketing', 'Lille', 44, '2019-07-11', '60000'),
(641, 'Hinda', 'Business Development', 'Kikuchi', 48, '2019-04-04', '55000'),
(642, 'Kelsy', 'Support', 'Izlake', 42, '2019-07-14', '70000'),
(643, 'Barrie', 'Business Development', 'Blagodarnyy', 41, '2021-01-22', '54000'),
(644, 'Julee', 'Accounting', 'Abilay', 41, '2017-08-20', '38000'),
(645, 'Thurston', 'Sales', 'Pasirdalem', 46, '2020-12-14', '60000'),
(646, 'Selma', 'Legal', 'Jiefangyan', 48, '2018-11-22', '75000'),
(647, 'Wileen', 'Marketing', 'Borlänge', 37, '2018-11-17', '80000'),
(648, 'Chrisse', 'Sales', 'Al ‘Azīzīyah', 37, '2018-12-09', '40000'),
(649, 'Elia', 'Product Management', 'Bangunharja', 42, '2021-03-05', '54000'),
(650, 'Thedric', 'Support', 'Verkhnyaya Belka', 52, '2016-12-08', '30000'),
(651, 'Natassia', 'Human Resources', 'Dongjin', 36, '2020-08-17', '38000'),
(652, 'Ramon', 'Business Development', 'Aguas Corrientes', 26, '2016-02-08', '75000'),
(653, 'Jilly', 'Product Management', 'La Azulita', 33, '2015-11-29', '75000'),
(654, 'Sile', 'Services', 'Ngrejo', 55, '2018-06-15', '40000'),
(655, 'Annie', 'Business Development', 'Lombo Meão', 53, '2019-12-10', '75000'),
(656, 'Alanna', 'Services', 'San Francisco Zapotitlán', 26, '2020-05-16', '25000'),
(657, 'Regen', 'Legal', 'Ruma', 32, '2017-11-24', '35000'),
(658, 'Deena', 'Research and Development', 'Sibulan', 28, '2020-03-11', '50000'),
(659, 'Krispin', 'Engineering', 'Orlová', 36, '2020-11-10', '70000'),
(660, 'Laurianne', 'Marketing', 'Campo Maior', 51, '2018-10-24', '75000'),
(661, 'Jan', 'Human Resources', 'Ranot', 34, '2017-11-26', '45000'),
(662, 'Abbi', 'Services', 'Jiuquan', 42, '2017-04-13', '50000'),
(663, 'Armstrong', 'Services', 'Tian’an', 39, '2020-11-27', '54000'),
(664, 'Leonie', 'Training', 'Pulaupanggung', 35, '2016-07-03', '28000'),
(665, 'Lorettalorna', 'Sales', 'Barra', 53, '2020-06-10', '52000'),
(666, 'Danita', 'Business Development', 'Lubao', 33, '2019-11-06', '25000'),
(667, 'Gwenette', 'Sales', 'Henghe', 32, '2020-02-13', '52000'),
(668, 'Marjie', 'Product Management', 'Šestajovice', 47, '2017-04-25', '80000'),
(669, 'Upton', 'Product Management', 'Chengmen', 26, '2019-02-01', '55000'),
(670, 'Betta', 'Accounting', 'Balahovit', 30, '2019-12-19', '65000'),
(671, 'Cami', 'Marketing', 'Pak Thong Chai', 25, '2019-01-18', '52000'),
(672, 'Kimbell', 'Services', 'Hongtang', 39, '2018-07-05', '80000'),
(673, 'Brandon', 'Support', 'Wushi', 42, '2020-01-14', '80000'),
(674, 'Gwynne', 'Research and Development', 'Ivano-Frankove', 36, '2020-02-12', '40000'),
(675, 'Dukey', 'Training', 'Chichaoua', 29, '2019-03-10', '52000'),
(676, 'Merrili', 'Human Resources', 'Oskarshamn', 47, '2021-01-04', '62000'),
(677, 'Webb', 'Research and Development', 'Nhơn Trạch', 26, '2019-01-23', '54000'),
(678, 'Kristyn', 'Research and Development', 'Zhenhai', 53, '2018-12-27', '65000'),
(679, 'Christoffer', 'Training', 'Tāngāil', 38, '2019-04-18', '42000'),
(680, 'Cody', 'Business Development', 'Koshigaya', 38, '2016-12-02', '32000'),
(681, 'Ogden', 'Training', 'Dallas', 44, '2016-02-26', '48000'),
(682, 'Simone', 'Product Management', 'Kérkyra', 33, '2018-12-02', '48000'),
(683, 'Maribelle', 'Marketing', 'Tielu', 50, '2020-06-08', '60000'),
(684, 'Emlynne', 'Human Resources', 'Lenchwe Le Tau', 43, '2019-04-09', '40000'),
(685, 'Harrietta', 'Training', 'Yizhivtsi', 25, '2016-08-08', '48000'),
(686, 'Freedman', 'Sales', 'Changxuanling', 47, '2016-12-06', '80000'),
(687, 'Bendix', 'Sales', 'Žirovnica', 25, '2020-10-04', '75000'),
(688, 'Shirleen', 'Legal', 'Pau', 33, '2017-11-02', '38000'),
(689, 'Susie', 'Human Resources', 'Shicang', 54, '2016-06-01', '30000'),
(690, 'Karlyn', 'Engineering', 'Vesele', 42, '2020-01-04', '25000'),
(691, 'Persis', 'Business Development', 'Rönninge', 54, '2016-08-23', '55000'),
(692, 'Augustine', 'Sales', 'Fort Smith', 43, '2019-08-20', '35000'),
(693, 'Fleur', 'Sales', 'Yunmen', 46, '2021-02-03', '45000'),
(694, 'Mil', 'Product Management', 'Neftekamsk', 40, '2020-06-11', '70000'),
(695, 'Othelia', 'Support', 'Dzoraghbyur', 26, '2018-06-04', '62000'),
(696, 'Austen', 'Engineering', 'Songgang-dong', 51, '2017-01-16', '45000'),
(697, 'Nico', 'Product Management', 'Sirājganj', 28, '2017-03-10', '38000'),
(698, 'Hollis', 'Marketing', 'Antanhol', 34, '2017-11-10', '32000'),
(699, 'Gaile', 'Business Development', 'Tangcun', 42, '2017-10-25', '25000'),
(700, 'Bar', 'Business Development', 'Sindangjati', 55, '2015-11-30', '60000'),
(701, 'Garold', 'Engineering', 'Shaxi', 37, '2018-10-25', '54000'),
(702, 'Coreen', 'Sales', 'Tharyarwady', 55, '2019-07-20', '50000'),
(703, 'Shantee', 'Engineering', 'Meaux', 27, '2021-03-16', '28000'),
(704, 'Blanca', 'Engineering', 'Balta', 53, '2019-05-20', '35000'),
(705, 'Leonard', 'Marketing', 'Chigang', 31, '2019-06-28', '45000'),
(706, 'Desi', 'Product Management', 'Nanzamu', 32, '2016-06-27', '32000'),
(707, 'Theodore', 'Engineering', 'Obando', 41, '2021-04-14', '38000'),
(708, 'Nelia', 'Sales', 'Till', 28, '2019-10-02', '60000'),
(709, 'Elana', 'Product Management', 'Binhe', 38, '2015-10-24', '80000'),
(710, 'Umberto', 'Engineering', 'Orsha', 37, '2015-12-05', '48000');
INSERT INTO `test_user` (`id`, `name`, `position`, `office`, `age`, `startDate`, `salary`) VALUES
(711, 'Itch', 'Business Development', 'Barra Bonita', 53, '2020-10-06', '52000'),
(712, 'Kass', 'Human Resources', 'Gunungtua', 48, '2015-12-20', '42000'),
(713, 'Kristo', 'Business Development', 'Cikoneng', 54, '2018-02-22', '70000'),
(714, 'Michaeline', 'Business Development', 'Nanshan', 37, '2016-12-08', '70000'),
(715, 'Samson', 'Product Management', 'Río Grande', 28, '2019-05-31', '40000'),
(716, 'Pia', 'Human Resources', 'Lemende', 45, '2021-05-16', '70000'),
(717, 'Kris', 'Business Development', 'Bayasgalant', 46, '2018-07-20', '50000'),
(718, 'Priscella', 'Training', 'Jinghai', 55, '2019-11-10', '80000'),
(719, 'Rubia', 'Accounting', 'Troyes', 26, '2019-08-26', '25000'),
(720, 'Karleen', 'Legal', 'Junxi', 49, '2016-08-31', '40000'),
(721, 'Miles', 'Training', 'Chengbei', 54, '2016-10-08', '25000'),
(722, 'Aldric', 'Accounting', 'Viradouro', 50, '2020-02-25', '45000'),
(723, 'Marja', 'Product Management', 'Acatenango', 42, '2017-12-09', '70000'),
(724, 'Fin', 'Services', 'Jakusko', 32, '2020-12-13', '54000'),
(725, 'Mathew', 'Business Development', 'Koryukivka', 26, '2018-09-02', '52000'),
(726, 'Marissa', 'Accounting', 'Kotakan Selatan', 37, '2015-11-12', '45000'),
(727, 'Cristine', 'Services', 'Sumberkemuning', 48, '2017-10-12', '70000'),
(728, 'Noby', 'Marketing', 'Sutton', 48, '2017-10-10', '28000'),
(729, 'Giralda', 'Business Development', 'Ban Talat Bueng', 32, '2018-03-25', '42000'),
(730, 'Cordy', 'Support', 'Al Kiswah', 51, '2017-03-01', '42000'),
(731, 'Clementine', 'Support', 'Cigedang', 27, '2021-04-09', '52000'),
(732, 'Thain', 'Engineering', 'Ekou', 55, '2017-04-20', '62000'),
(733, 'Carie', 'Engineering', 'Monte Branco', 37, '2020-01-07', '30000'),
(734, 'Flynn', 'Research and Development', 'Borzęcin', 26, '2016-01-04', '80000'),
(735, 'Jedidiah', 'Research and Development', 'Claveria', 32, '2017-10-03', '45000'),
(736, 'Mela', 'Support', 'Januária', 48, '2018-03-23', '45000'),
(737, 'Teddy', 'Support', 'Vári', 51, '2018-01-31', '30000'),
(738, 'Vergil', 'Legal', 'Göteborg', 55, '2020-09-09', '55000'),
(739, 'Karolina', 'Research and Development', 'Tizguine', 31, '2019-10-30', '30000'),
(740, 'Corrie', 'Product Management', 'Pavlogradka', 45, '2018-08-07', '70000'),
(741, 'Peggy', 'Human Resources', 'Simunul', 39, '2019-10-09', '32000'),
(742, 'Vikki', 'Training', 'Misasi', 52, '2017-10-02', '75000'),
(743, 'Samuel', 'Sales', 'Pueblo Nuevo', 35, '2019-02-25', '65000'),
(744, 'Duky', 'Legal', 'Dhahab', 47, '2015-11-01', '52000'),
(745, 'Orsola', 'Product Management', 'Akat Amnuai', 35, '2017-01-05', '35000'),
(746, 'De', 'Human Resources', 'Chambéry', 52, '2021-03-03', '40000'),
(747, 'Tamarra', 'Research and Development', 'León', 28, '2021-04-29', '70000'),
(748, 'Dylan', 'Training', 'Krasnaya Poyma', 31, '2017-11-29', '35000'),
(749, 'Kyrstin', 'Engineering', 'Xiatang', 45, '2020-01-04', '65000'),
(750, 'Burk', 'Legal', 'Khvalovo', 43, '2018-06-20', '60000'),
(751, 'Rossy', 'Training', 'Pansoy', 36, '2018-11-15', '52000'),
(752, 'Isador', 'Engineering', 'Yangwei', 48, '2016-02-01', '50000'),
(753, 'Dasi', 'Legal', 'Lingshan', 48, '2016-06-16', '80000'),
(754, 'Florie', 'Business Development', 'Mingjiu', 34, '2021-01-15', '35000'),
(755, 'Guillermo', 'Legal', 'Shuangquan', 55, '2016-01-10', '30000'),
(756, 'Wayland', 'Business Development', 'Huxiaoqiao', 28, '2017-08-07', '48000'),
(757, 'Krystyna', 'Business Development', 'Pengwan', 35, '2020-01-30', '40000'),
(758, 'Elga', 'Legal', 'Meikeng', 35, '2018-10-11', '38000'),
(759, 'Crystal', 'Research and Development', 'Tianjiazhai', 53, '2017-06-30', '38000'),
(760, 'Franklyn', 'Services', 'Vasylkiv', 32, '2021-04-04', '30000'),
(761, 'Murial', 'Legal', 'Zhaizigou', 54, '2017-06-06', '32000'),
(762, 'Stesha', 'Training', 'Xifengshan', 26, '2019-02-05', '55000'),
(763, 'Erena', 'Support', 'Barreirinhas', 53, '2017-02-11', '55000'),
(764, 'Joly', 'Accounting', 'Dankalwa', 46, '2020-07-07', '42000'),
(765, 'Blancha', 'Business Development', 'Dainan', 53, '2016-09-12', '75000'),
(766, 'Casi', 'Marketing', 'Ma‘bar', 51, '2016-05-21', '52000'),
(767, 'Torrence', 'Sales', 'Antsohimbondrona', 27, '2017-12-03', '42000'),
(768, 'Liana', 'Sales', 'Padre Las Casas', 52, '2016-04-14', '28000'),
(769, 'Lamont', 'Accounting', 'Meixi', 32, '2017-01-17', '55000'),
(770, 'Theresita', 'Engineering', 'Freire', 53, '2018-05-31', '62000'),
(771, 'Flossy', 'Business Development', 'Narathiwat', 52, '2020-12-30', '50000'),
(772, 'Janos', 'Training', 'Socabaya', 34, '2017-12-13', '25000'),
(773, 'Humberto', 'Product Management', 'Marondera', 53, '2016-08-07', '30000'),
(774, 'Jeannie', 'Services', 'Turus', 55, '2018-07-06', '45000'),
(775, 'Alanah', 'Training', 'Darya Boyi', 46, '2018-09-03', '48000'),
(776, 'Byran', 'Accounting', 'Jiangning', 28, '2019-06-01', '42000'),
(777, 'Sari', 'Research and Development', 'Mayenne', 43, '2020-08-05', '75000'),
(778, 'Teirtza', 'Research and Development', 'Al Miftāḩ', 55, '2016-02-07', '80000'),
(779, 'Davis', 'Support', 'Torrijos', 38, '2018-05-22', '38000'),
(780, 'Teressa', 'Legal', 'Thạnh Phú', 46, '2017-05-26', '32000'),
(781, 'Marieann', 'Sales', 'East Angus', 37, '2018-07-05', '40000'),
(782, 'Ilka', 'Support', 'Książki', 50, '2015-11-13', '30000'),
(783, 'Horacio', 'Product Management', 'Qinghe', 50, '2016-10-21', '42000'),
(784, 'Eloise', 'Legal', 'Independencia', 46, '2016-07-20', '25000'),
(785, 'Hollis', 'Support', 'Kaduy', 37, '2018-11-21', '40000'),
(786, 'Lonnie', 'Human Resources', 'Buđanovci', 44, '2016-07-31', '38000'),
(787, 'Shannah', 'Product Management', 'Lityn', 28, '2018-05-04', '25000'),
(788, 'Antonino', 'Legal', 'Riofrío', 40, '2016-10-26', '38000'),
(789, 'Leslie', 'Engineering', 'Bangbayang Kaler', 43, '2017-06-17', '70000'),
(790, 'Madalena', 'Marketing', 'Zhengguo', 47, '2020-10-08', '42000'),
(791, 'Archambault', 'Research and Development', 'Dadong', 42, '2017-03-28', '65000'),
(792, 'Aaron', 'Legal', 'Xinyuan', 53, '2020-01-03', '45000'),
(793, 'Rita', 'Business Development', 'Zhouhe', 42, '2018-01-27', '50000'),
(794, 'Tallou', 'Product Management', 'Salto', 31, '2015-12-14', '42000'),
(795, 'Meggy', 'Accounting', 'Järna', 39, '2016-05-11', '62000'),
(796, 'Honoria', 'Sales', 'Virbalis', 39, '2019-10-12', '30000'),
(797, 'Massimo', 'Accounting', 'Jiangshan', 28, '2017-08-14', '75000'),
(798, 'Drusi', 'Accounting', 'Singapore', 28, '2021-04-02', '38000'),
(799, 'Wayland', 'Legal', 'Sumber Tengah', 31, '2020-10-22', '38000'),
(800, 'Valeda', 'Business Development', 'Las Vegas', 49, '2018-03-04', '60000'),
(801, 'Jephthah', 'Accounting', 'Sukamantri Satu', 32, '2020-07-26', '30000'),
(802, 'Corny', 'Product Management', 'Hellevoetsluis', 44, '2016-06-04', '62000'),
(803, 'Courtenay', 'Sales', 'Rumphi', 42, '2020-10-13', '80000'),
(804, 'Sorcha', 'Support', 'Sandviken', 39, '2018-05-20', '38000'),
(805, 'Wyatt', 'Support', 'Baojia', 46, '2017-05-24', '30000'),
(806, 'Loralie', 'Business Development', 'Villa Francisca', 27, '2020-10-15', '42000'),
(807, 'Hart', 'Research and Development', 'Almaty', 30, '2016-09-11', '65000'),
(808, 'Daryl', 'Support', 'Tangyin', 39, '2017-10-17', '48000'),
(809, 'Gretta', 'Services', 'Golema Rečica', 38, '2017-12-16', '62000'),
(810, 'Nathanil', 'Sales', 'Wakduwa’ Barat', 34, '2016-02-06', '40000'),
(811, 'Glenine', 'Business Development', 'Pengfang', 27, '2018-09-20', '28000'),
(812, 'Meghan', 'Business Development', 'Vigan', 34, '2015-11-14', '40000'),
(813, 'Merlina', 'Services', 'Otterburn Park', 55, '2019-09-03', '65000'),
(814, 'Belicia', 'Research and Development', 'Yisa', 33, '2016-02-03', '45000'),
(815, 'Kristi', 'Marketing', 'Baardheere', 29, '2020-08-09', '38000'),
(816, 'Alfonso', 'Services', 'Saraktash', 54, '2016-10-08', '48000'),
(817, 'Nevin', 'Marketing', 'Kabasalan', 41, '2015-10-04', '55000'),
(818, 'Way', 'Sales', 'Andalucía', 45, '2017-07-03', '75000'),
(819, 'Mic', 'Research and Development', 'Gizo', 47, '2015-10-03', '38000'),
(820, 'Lindsey', 'Sales', 'Muyinga', 37, '2019-05-19', '38000'),
(821, 'Muhammad', 'Research and Development', 'Negeriagung', 39, '2017-07-31', '54000'),
(822, 'Binni', 'Training', 'Rääkkylä', 25, '2021-02-18', '35000'),
(823, 'Laverna', 'Legal', 'Fairview', 44, '2016-06-14', '60000'),
(824, 'Moss', 'Services', 'Ribas do Rio Pardo', 33, '2018-08-02', '80000'),
(825, 'Ward', 'Product Management', 'Kadoma', 50, '2020-06-02', '62000'),
(826, 'Grant', 'Training', 'Xinchengzi', 47, '2018-03-15', '55000'),
(827, 'Axel', 'Business Development', 'Frederiksberg', 44, '2019-03-20', '25000'),
(828, 'Suki', 'Product Management', 'Concepción', 42, '2020-08-13', '54000'),
(829, 'Stacey', 'Sales', 'Toulouse', 53, '2017-03-10', '65000'),
(830, 'Misti', 'Product Management', 'Xuanma', 36, '2016-07-30', '65000'),
(831, 'Dalila', 'Product Management', 'Pilcomay', 29, '2018-03-31', '45000'),
(832, 'Barnard', 'Research and Development', 'Itaperuna', 43, '2018-07-18', '75000'),
(833, 'Minni', 'Training', 'Linjiang', 43, '2016-02-17', '25000'),
(834, 'Charlton', 'Services', 'Wilczyce', 32, '2020-08-15', '32000'),
(835, 'Gwenneth', 'Product Management', 'Ust-Kamenogorsk', 31, '2020-11-20', '50000'),
(836, 'Dare', 'Product Management', 'Tangwang', 46, '2020-06-15', '55000'),
(837, 'Wilhelm', 'Product Management', 'Saverne', 54, '2018-09-29', '80000'),
(838, 'Elissa', 'Engineering', 'Pridraga', 43, '2017-06-06', '75000'),
(839, 'Barrett', 'Services', 'Kedunglo', 31, '2020-10-19', '30000'),
(840, 'Gilles', 'Human Resources', 'Jijia', 29, '2021-05-20', '65000'),
(841, 'Charlotte', 'Business Development', 'Agrela', 37, '2020-06-21', '45000'),
(842, 'Christophorus', 'Legal', 'Dziemiany', 41, '2019-11-14', '80000'),
(843, 'Morissa', 'Product Management', 'Chengdong', 34, '2016-03-07', '28000'),
(844, 'Jammie', 'Research and Development', 'El Triunfo', 25, '2018-10-26', '50000'),
(845, 'Pandora', 'Engineering', 'Kapsabet', 28, '2020-08-19', '48000'),
(846, 'Berenice', 'Research and Development', 'Boršice', 48, '2016-08-02', '48000'),
(847, 'Alie', 'Engineering', 'Al Ma‘allā’', 26, '2020-07-16', '75000'),
(848, 'Abdel', 'Sales', 'Kuching', 30, '2017-03-31', '35000'),
(849, 'Fionnula', 'Services', 'Alor Setar', 53, '2016-07-18', '32000'),
(850, 'Shelagh', 'Engineering', 'Tulay na Lupa', 39, '2016-05-25', '35000'),
(851, 'Jerrilyn', 'Human Resources', 'Chadi', 33, '2018-06-20', '55000'),
(852, 'Mirelle', 'Services', 'Šmarje pri Jelšah', 31, '2015-11-01', '42000'),
(853, 'Gib', 'Product Management', 'Reforma', 28, '2018-07-01', '48000'),
(854, 'Monro', 'Accounting', 'Tambaksari', 40, '2017-03-12', '70000'),
(855, 'Tremain', 'Accounting', 'Piedecuesta', 30, '2017-12-29', '70000'),
(856, 'Elyn', 'Business Development', 'Nagqu', 39, '2020-04-23', '32000'),
(857, 'Calypso', 'Engineering', 'Tanzhesi', 53, '2019-06-21', '62000'),
(858, 'Derwin', 'Sales', 'Talalora', 45, '2016-07-24', '35000'),
(859, 'Donnell', 'Sales', 'Curahnongko', 37, '2016-12-25', '25000'),
(860, 'Rosamond', 'Legal', 'Barreiras', 55, '2019-12-07', '40000'),
(861, 'Martguerita', 'Support', 'Enzan', 33, '2019-12-20', '65000'),
(862, 'Issi', 'Research and Development', 'Paghmān', 26, '2019-03-20', '55000'),
(863, 'Robinet', 'Business Development', 'Tajumulco', 32, '2016-12-23', '25000'),
(864, 'Pollyanna', 'Accounting', 'Migrate', 28, '2018-12-03', '70000'),
(865, 'Edward', 'Engineering', 'Huotong', 27, '2017-04-05', '54000'),
(866, 'Scot', 'Product Management', 'Pulong Sampalok', 55, '2018-03-30', '80000'),
(867, 'Veda', 'Support', 'Achanizo', 53, '2021-03-13', '45000'),
(868, 'Coriss', 'Training', 'Jeziorany', 45, '2018-02-14', '42000'),
(869, 'Clay', 'Research and Development', 'Sandaowan', 47, '2020-04-04', '60000'),
(870, 'Hayward', 'Product Management', 'Lubao', 35, '2019-11-27', '28000'),
(871, 'Amity', 'Legal', 'Velká Polom', 52, '2016-04-02', '55000'),
(872, 'Rois', 'Research and Development', 'Itaituba', 46, '2020-04-25', '60000'),
(873, 'Zacherie', 'Business Development', 'Várzea', 25, '2020-04-06', '65000'),
(874, 'Lulita', 'Support', 'Sindangjati', 50, '2015-10-20', '25000'),
(875, 'Kristien', 'Accounting', 'Qingyuan', 50, '2020-03-12', '25000'),
(876, 'Bruce', 'Research and Development', 'Talā', 25, '2016-08-12', '80000'),
(877, 'Philis', 'Engineering', 'Lyon', 28, '2017-06-16', '32000'),
(878, 'Genvieve', 'Human Resources', 'Shilu', 29, '2019-02-23', '25000'),
(879, 'Audi', 'Training', 'Cascavel', 51, '2017-09-13', '70000'),
(880, 'Isabella', 'Training', 'Honglan', 49, '2018-09-07', '55000'),
(881, 'Andrey', 'Support', 'Alto do Estanqueiro', 25, '2015-10-28', '42000'),
(882, 'Franciska', 'Accounting', 'Nezlobnaya', 46, '2018-11-29', '55000'),
(883, 'Ferd', 'Engineering', 'Charlottetown', 53, '2020-06-24', '62000'),
(884, 'Carissa', 'Marketing', 'Caicun', 31, '2017-09-04', '52000'),
(885, 'Jobye', 'Support', 'Kesha', 32, '2018-04-07', '60000'),
(886, 'Sharai', 'Business Development', 'Örebro', 25, '2018-10-06', '75000'),
(887, 'Ange', 'Research and Development', 'Monteros', 51, '2021-03-24', '30000'),
(888, 'Calli', 'Business Development', 'Hengzhou', 50, '2016-02-24', '32000'),
(889, 'Dodie', 'Accounting', 'Kiangan', 52, '2016-04-15', '65000'),
(890, 'Anton', 'Training', 'Peuara', 38, '2020-04-18', '38000'),
(891, 'Read', 'Accounting', 'Xijiao', 53, '2018-08-03', '40000'),
(892, 'Lance', 'Training', 'Pagelaran', 38, '2015-12-28', '30000'),
(893, 'Rhetta', 'Human Resources', 'Yaguajay', 27, '2017-08-20', '32000'),
(894, 'Georgeanne', 'Research and Development', 'Masantol', 48, '2020-09-04', '40000'),
(895, 'Creigh', 'Marketing', 'Aix-en-Provence', 25, '2021-04-07', '42000'),
(896, 'Bartie', 'Sales', 'Philadelphia', 55, '2021-05-21', '32000'),
(897, 'Crichton', 'Services', 'Fonte Boa da Brincosa', 47, '2015-11-09', '55000'),
(898, 'Beatriz', 'Marketing', 'Caieiras', 34, '2018-11-30', '80000'),
(899, 'Kimberli', 'Marketing', 'Calape', 50, '2016-12-06', '75000'),
(900, 'Kelby', 'Services', 'La Cruz', 47, '2016-07-09', '25000'),
(901, 'Wait', 'Human Resources', 'Zblewo', 29, '2018-11-03', '55000'),
(902, 'Jerri', 'Engineering', 'Tianhu', 31, '2016-07-08', '38000'),
(903, 'Casper', 'Product Management', 'Yongchuan', 37, '2020-04-02', '45000'),
(904, 'Annelise', 'Human Resources', 'Tococ East', 34, '2017-07-21', '70000'),
(905, 'Yuma', 'Product Management', 'Al Ḩarāk', 51, '2016-07-07', '38000'),
(906, 'Sallyann', 'Training', 'Évreux', 44, '2017-10-10', '25000'),
(907, 'Aylmar', 'Research and Development', 'Vodnjan', 43, '2016-12-22', '35000'),
(908, 'Jodi', 'Legal', 'Orleans', 47, '2017-01-22', '52000'),
(909, 'Brooke', 'Training', 'Pampanito', 28, '2018-03-09', '35000'),
(910, 'Saunderson', 'Marketing', 'Stockholm', 47, '2015-12-20', '38000'),
(911, 'Margareta', 'Sales', 'Carcar', 48, '2016-09-09', '45000'),
(912, 'Kellen', 'Accounting', 'Xiangrong', 42, '2018-02-23', '54000'),
(913, 'Dell', 'Sales', 'Strogino', 27, '2017-10-30', '65000'),
(914, 'Gottfried', 'Human Resources', 'Ngkiong', 42, '2020-03-12', '28000'),
(915, 'Fredrika', 'Engineering', 'Asnières-sur-Seine', 34, '2017-07-11', '75000'),
(916, 'Emera', 'Sales', 'Amagarapati', 40, '2018-10-31', '48000'),
(917, 'Brandi', 'Marketing', 'Patea', 42, '2016-11-09', '54000'),
(918, 'Arvy', 'Research and Development', 'Houping', 28, '2018-12-01', '48000'),
(919, 'Jobye', 'Training', 'Dalonghua', 30, '2020-08-24', '32000'),
(920, 'Ferris', 'Training', 'San Jose del Monte', 25, '2019-05-13', '70000'),
(921, 'Skipton', 'Human Resources', 'Ban Chang', 34, '2018-11-19', '70000'),
(922, 'Immanuel', 'Training', 'Rosmaninhal', 47, '2015-10-15', '55000'),
(923, 'Rollins', 'Human Resources', 'Gouveia', 42, '2016-04-11', '48000'),
(924, 'Hazel', 'Research and Development', 'Trzin', 28, '2018-10-07', '40000'),
(925, 'Cinnamon', 'Accounting', 'Yambio', 31, '2021-02-04', '60000'),
(926, 'Dave', 'Product Management', 'Xiangshui', 28, '2019-06-21', '30000'),
(927, 'Nigel', 'Product Management', 'Nal’chik', 33, '2017-02-02', '30000'),
(928, 'Patsy', 'Research and Development', 'Baie-Saint-Paul', 25, '2018-09-11', '80000'),
(929, 'Wylma', 'Business Development', 'Juanshui', 28, '2019-04-06', '40000'),
(930, 'Adiana', 'Sales', 'San José Poaquil', 52, '2017-04-25', '75000'),
(931, 'Lolly', 'Services', 'Wesoła', 49, '2019-08-09', '80000'),
(932, 'Barbi', 'Sales', 'Nowy Dwór Mazowiecki', 29, '2018-11-11', '54000'),
(933, 'Asia', 'Research and Development', 'Den Chai', 31, '2018-10-06', '32000'),
(934, 'Nessie', 'Business Development', 'Dongyuan', 37, '2016-08-05', '54000'),
(935, 'Yoshi', 'Accounting', 'Shejiang', 32, '2019-02-22', '52000'),
(936, 'Merlina', 'Legal', 'Shibajiazi', 50, '2019-01-17', '45000'),
(937, 'Adelle', 'Support', 'Santa Monica', 47, '2020-11-20', '40000'),
(938, 'Paulie', 'Engineering', 'Alabat', 51, '2017-05-25', '30000'),
(939, 'Blakelee', 'Research and Development', 'Cubará', 29, '2018-12-19', '70000'),
(940, 'Petronella', 'Research and Development', 'Costeira do Pirajubae', 39, '2015-12-07', '25000'),
(941, 'Denyse', 'Support', 'Pakuwon', 54, '2020-07-16', '40000'),
(942, 'Haleigh', 'Support', 'Adelaide Mail Centre', 54, '2018-10-06', '38000'),
(943, 'Jeff', 'Business Development', 'Melati', 36, '2016-03-09', '48000'),
(944, 'Joella', 'Research and Development', 'Saint-Jean-de-Monts', 52, '2020-01-30', '80000'),
(945, 'Niles', 'Human Resources', 'Xuanhua', 27, '2016-03-30', '30000'),
(946, 'Kore', 'Services', 'Vårgårda', 55, '2021-04-09', '55000'),
(947, 'Darrel', 'Sales', 'Zongzhai', 50, '2020-05-15', '48000'),
(948, 'Matthus', 'Legal', 'Limit', 25, '2019-01-28', '80000'),
(949, 'Ragnar', 'Research and Development', 'Huaqiao', 51, '2017-05-24', '60000'),
(950, 'Viki', 'Research and Development', 'Diez de Octubre', 52, '2018-12-05', '52000'),
(951, 'Manuel', 'Services', 'Thị Trấn Thanh Lưu', 48, '2019-03-06', '48000'),
(952, 'Lindsay', 'Services', 'Bang Kaeo', 35, '2016-05-03', '32000'),
(953, 'Sibylle', 'Services', 'Nice', 33, '2017-06-23', '55000'),
(954, 'Alaster', 'Support', 'Santo Domingo Oeste', 45, '2016-04-02', '25000'),
(955, 'Blayne', 'Legal', 'Kamwenge', 49, '2018-04-22', '50000'),
(956, 'Charmain', 'Accounting', 'Sanlicheng', 28, '2017-09-01', '55000'),
(957, 'Mavis', 'Research and Development', 'Aţ Ţawīlah', 32, '2020-10-26', '60000'),
(958, 'Jammie', 'Services', 'Macinhata da Seixa', 28, '2020-09-15', '48000'),
(959, 'Andra', 'Legal', 'Longjie', 45, '2018-02-26', '45000'),
(960, 'Cornelia', 'Support', 'Huicheng', 50, '2018-08-28', '52000'),
(961, 'Westbrook', 'Human Resources', 'Youludu Sibage', 54, '2019-10-09', '28000'),
(962, 'Koren', 'Product Management', 'Huangtugang', 51, '2020-08-10', '38000'),
(963, 'Lishe', 'Business Development', 'Xiaoyan', 47, '2020-02-09', '35000'),
(964, 'Chandal', 'Legal', 'Värnamo', 48, '2021-04-18', '32000'),
(965, 'Sybille', 'Services', 'Fengcheng', 55, '2017-03-31', '48000'),
(966, 'Gabbie', 'Business Development', 'Sattahip', 28, '2016-07-13', '40000'),
(967, 'Diego', 'Training', 'Szydłowo', 53, '2020-10-21', '40000'),
(968, 'Byram', 'Human Resources', 'Caijiapu', 51, '2018-12-28', '52000'),
(969, 'Chrisse', 'Support', 'Skrzydlna', 30, '2018-02-18', '80000'),
(970, 'Cordi', 'Human Resources', 'Liudaogou', 37, '2016-04-22', '25000'),
(971, 'Putnem', 'Support', 'Vila Boa do Bispo', 55, '2017-09-18', '70000'),
(972, 'Yvette', 'Legal', 'Lakatoro', 54, '2017-04-03', '32000'),
(973, 'Colette', 'Marketing', 'Jadów', 48, '2017-10-21', '32000'),
(974, 'Britte', 'Legal', 'Bangker', 25, '2021-03-01', '48000'),
(975, 'Weston', 'Engineering', 'Fushan', 38, '2016-03-16', '38000'),
(976, 'Amy', 'Sales', 'Hato Mayor del Rey', 48, '2017-04-14', '25000'),
(977, 'Emelen', 'Engineering', 'La Virginia', 25, '2018-05-03', '45000'),
(978, 'Ranique', 'Support', 'Norrköping', 52, '2020-02-06', '80000'),
(979, 'Letizia', 'Engineering', 'Wufeng', 28, '2016-11-28', '38000'),
(980, 'Lissie', 'Engineering', 'Juiz de Fora', 51, '2020-07-07', '32000'),
(981, 'Halsy', 'Human Resources', 'Belyy Yar', 47, '2016-06-14', '48000'),
(982, 'Paxton', 'Engineering', 'Pingdu', 55, '2017-01-05', '25000'),
(983, 'Nicki', 'Business Development', 'Anguera', 47, '2021-04-07', '70000'),
(984, 'Suzy', 'Research and Development', 'Beopwon', 53, '2020-08-20', '38000'),
(985, 'Clary', 'Sales', 'Willowdale', 39, '2020-11-21', '75000'),
(986, 'Morry', 'Marketing', 'Lourdes', 34, '2016-04-20', '45000'),
(987, 'Bernita', 'Support', 'Mojorembun', 34, '2017-10-05', '75000'),
(988, 'Evania', 'Human Resources', 'Mjölby', 51, '2016-09-05', '30000'),
(989, 'Darcey', 'Support', 'Nanguzhuang', 54, '2018-12-13', '65000'),
(990, 'Sonnnie', 'Human Resources', 'Sosnovyy Bor', 26, '2017-01-13', '60000'),
(991, 'Anjanette', 'Research and Development', 'Dolisie', 51, '2017-01-14', '40000'),
(992, 'Lou', 'Product Management', 'Tapacocha', 49, '2019-09-12', '75000'),
(993, 'Early', 'Sales', 'Sioah', 29, '2018-11-17', '62000'),
(994, 'Kim', 'Support', 'Zhouhe', 55, '2018-04-14', '30000'),
(995, 'Hynda', 'Training', 'San Eugenio', 50, '2020-03-05', '70000'),
(996, 'Minne', 'Marketing', 'Cunha', 31, '2021-04-15', '35000'),
(997, 'Smitty', 'Sales', 'Ndewel', 30, '2019-06-12', '52000'),
(998, 'Sadie', 'Training', 'Media Luna', 33, '2016-05-05', '25000'),
(999, 'Amelita', 'Human Resources', 'Philadelphia', 47, '2016-03-25', '42000'),
(1000, 'Vickie', 'Legal', 'Draginje', 55, '2016-03-14', '80000');

--
-- Indexes for dumped tables
--

--
-- Indexes for table `admin`
--
ALTER TABLE `admin`
  ADD PRIMARY KEY (`name`,`pass`);

--
-- Indexes for table `books`
--
ALTER TABLE `books`
  ADD PRIMARY KEY (`book_isbn`);

--
-- Indexes for table `country`
--
ALTER TABLE `country`
  ADD PRIMARY KEY (`id`);

--
-- Indexes for table `customers`
--
ALTER TABLE `customers`
  ADD PRIMARY KEY (`customerid`);

--
-- Indexes for table `orders`
--
ALTER TABLE `orders`
  ADD PRIMARY KEY (`orderid`);

--
-- Indexes for table `publisher`
--
ALTER TABLE `publisher`
  ADD PRIMARY KEY (`publisherid`),
  ADD UNIQUE KEY `publisher_publisherid_uindex` (`publisherid`);

--
-- Indexes for table `test_user`
--
ALTER TABLE `test_user`
  ADD UNIQUE KEY `id` (`id`);

--
-- AUTO_INCREMENT for dumped tables
--

--
-- AUTO_INCREMENT for table `country`
--
ALTER TABLE `country`
  MODIFY `id` int(11) NOT NULL AUTO_INCREMENT, AUTO_INCREMENT=240;

--
-- AUTO_INCREMENT for table `customers`
--
ALTER TABLE `customers`
  MODIFY `customerid` int(10) UNSIGNED NOT NULL AUTO_INCREMENT, AUTO_INCREMENT=5;

--
-- AUTO_INCREMENT for table `orders`
--
ALTER TABLE `orders`
  MODIFY `orderid` int(10) UNSIGNED NOT NULL AUTO_INCREMENT, AUTO_INCREMENT=6;

--
-- AUTO_INCREMENT for table `publisher`
--
ALTER TABLE `publisher`
  MODIFY `publisherid` int(10) UNSIGNED NOT NULL AUTO_INCREMENT, AUTO_INCREMENT=47;
COMMIT;

/*!40101 SET CHARACTER_SET_CLIENT=@OLD_CHARACTER_SET_CLIENT */;
/*!40101 SET CHARACTER_SET_RESULTS=@OLD_CHARACTER_SET_RESULTS */;
/*!40101 SET COLLATION_CONNECTION=@OLD_COLLATION_CONNECTION */;
